HT,0+112
HT00,0
HT01,0
HT02,0
HT03,0
HT04,0
HT05,0
HT06,0
HT07,0
HT08,0
HT09,0
HT10,0
HT11,0
HT12,0
HT13,0
HT14,0
HT15,0
HT16,0
HT17,0
HT18,0
HT19,0
HT20,0
HT21,0
HT22,0
HT23,0
HT24,0
HT25,0
HT26,0
HT27,0
HT28,0
HT29,0
HT30,0
HT31,0
HT32,0
HT33,0
HT34,0
HT35,0
HT36,0
HT37,0
HT38,0
HT39,0
HT40,0
HT41,0
HT42,0
HT43,0
HT44,0
HT45,0
HT46,0
HT47,0
HT48,0
HT49,0
HT50,0
HT51,0
HT52,0
HT53,0
HT54,0
HT55,0
HT56,0
HT57,0
HT58,0
HT59,0
HT60,0
HT61,0
HT62,0
HT63,0
HT64,0
HT65,0
HT66,0
HT67,0
HT68,0
HT69,0
HT70,0
HT71,0
HT72,0
HT73,0
HT74,0
HT75,0
HT76,0
HT77,0
HT78,0
HT79,0
HT80,0
HT81,0
HT82,0
HT83,0
HT84,0
HT85,0
HT86,0
HT87,0
HT88,0
HT89,0
HT90,0
HT91,0
HT92,0
HT93,0+112
HT93SW,0
HT93NW,0+112
HT93SE,0
HT93NE,0+112
HT93A,0
HT93B,0
HT93C,0
HT93D,0
HT93E,0
HT93F,0
HT93G,0
HT93H,0
HT93I,0
HT93J,0+112
HT9238,0
HT9239,0
HT9338,0+112
HT930380,0
HT930381,0
HT930382,0
HT930383,0
HT930384,0
HT930385,0
HT930386,0
HT930387,0
HT930388,0
HT930389,0
HT931380,0
HT931381,0
HT931382,0
HT931383,0
HT931384,0
HT931385,0
HT931386,0
HT931387,0
HT931388,0
HT931389,0
HT932380,0
HT932381,0
HT932382,0
HT932383,0
HT932384,0
HT932385,0
HT932386,0
HT932387,0
HT932388,0
HT932389,0
HT933380,0
HT933381,0
HT933382,0
HT933383,0
HT933384,0
HT933385,0
HT933386,0
HT933387,0
HT933388,0
HT933389,0
HT934380,0
HT934381,0
HT934382,0
HT934383,0
HT934384,0
HT934385,0
HT934386,0
HT934387,0
HT934388,0
HT934389,0
HT935380,0
HT935381,0
HT935382,0
HT935383,0
HT935384,0
HT935385,0
HT935386,0
HT935387,0+112
HT935388,0+112
HT935389,0
HT936380,0
HT936381,0
HT936382,0
HT936383,0
HT936384,0
HT936385,0
HT936386,0
HT936387,0+112
HT936388,0+112
HT936389,0+112
HT937380,0
HT937381,0
HT937382,0
HT937383,0
HT937384,0
HT937385,0
HT937386,0+112
HT937387,0+112
HT937388,112
HT937389,0+112
HT938380,0
HT938381,0
HT938382,0
HT938383,0
HT938384,0
HT938385,0
HT938386,0+112
HT938387,0+112
HT938388,112
HT938389,112
HT939380,0
HT939381,0
HT939382,0
HT939383,0
HT939384,0
HT939385,0
HT939386,0+112
HT939387,0+112
HT939388,112
HT939389,112
HT9339,0+112
HT930390,0
HT930391,0
HT930392,0
HT930393,0
HT930394,0
HT930395,0
HT930396,0
HT930397,0
HT930398,0
HT930399,0
HT931390,0
HT931391,0
HT931392,0
HT931393,0
HT931394,0
HT931395,0
HT931396,0
HT931397,0
HT931398,0
HT931399,0
HT932390,0
HT932391,0
HT932392,0
HT932393,0
HT932394,0
HT932395,0
HT932396,0
HT932397,0
HT932398,0
HT932399,0
HT933390,0
HT933391,0
HT933392,0
HT933393,0
HT933394,0
HT933395,0
HT933396,0
HT933397,0
HT933398,0
HT933399,0
HT934390,0
HT934391,0
HT934392,0
HT934393,0
HT934394,0
HT934395,0
HT934396,0
HT934397,0
HT934398,0
HT934399,0
HT935390,0
HT935391,0
HT935392,0
HT935393,0
HT935394,0
HT935395,0
HT935396,0
HT935397,0
HT935398,0
HT935399,0
HT936390,0
HT936391,0
HT936392,0
HT936393,0
HT936394,0
HT936395,0+112
HT936396,0+112
HT936397,0
HT936398,0
HT936399,0
HT937390,0+112
HT937391,0
HT937392,0
HT937393,0
HT937394,0+112
HT937395,0+112
HT937396,0+112
HT937397,0+112
HT937398,0
HT937399,0
HT938390,0+112
HT938391,0+112
HT938392,0+112
HT938393,0+112
HT938394,0+112
HT938395,112
HT938396,112
HT938397,0+112
HT938398,0+112
HT938399,0+112
HT939390,112
HT939391,112
HT939392,0+112
HT939393,112
HT939394,112
HT939395,112
HT939396,112
HT939397,112
HT939398,112
HT939399,112
HT93K,0
HT93L,0
HT93M,0
HT93N,0+112
HT9436,0
HT9437,0+112
HT940370,0
HT940371,0
HT940372,0
HT940373,0
HT940374,0
HT940375,0
HT940376,0
HT940377,0
HT940378,0
HT940379,0
HT941370,0
HT941371,0
HT941372,0
HT941373,0
HT941374,0
HT941375,0
HT941376,0
HT941377,0
HT941378,0
HT941379,0
HT942370,0
HT942371,0
HT942372,0
HT942373,0
HT942374,0
HT942375,0
HT942376,0
HT942377,0
HT942378,0
HT942379,0
HT943370,0
HT943371,0
HT943372,0
HT943373,0
HT943374,0
HT943375,0
HT943376,0
HT943377,0
HT943378,0
HT943379,0
HT944370,0
HT944371,0
HT944372,0
HT944373,0
HT944374,0
HT944375,0
HT944376,0
HT944377,0
HT944378,0
HT944379,0
HT945370,0
HT945371,0
HT945372,0
HT945373,0
HT945374,0
HT945375,0
HT945376,0
HT945377,0
HT945378,0
HT945379,0
HT946370,0
HT946371,0
HT946372,0
HT946373,0
HT946374,0
HT946375,0
HT946376,0
HT946377,0
HT946378,0
HT946379,0
HT947370,0
HT947371,0
HT947372,0
HT947373,0
HT947374,0
HT947375,0
HT947376,0
HT947377,0
HT947378,0
HT947379,0
HT948370,0
HT948371,0
HT948372,0
HT948373,0
HT948374,0
HT948375,0
HT948376,0
HT948377,0
HT948378,0
HT948379,0
HT949370,0
HT949371,0
HT949372,0
HT949373,0
HT949374,0
HT949375,0
HT949376,0
HT949377,0
HT949378,0
HT949379,0+112
HT9536,0
HT9537,0+112
HT950370,0
HT950371,0
HT950372,0
HT950373,0
HT950374,0
HT950375,0
HT950376,0
HT950377,0
HT950378,0+112
HT950379,0+112
HT951370,0
HT951371,0
HT951372,0
HT951373,0
HT951374,0
HT951375,0+112
HT951376,0+112
HT951377,0+112
HT951378,0+112
HT951379,112
HT952370,0
HT952371,0
HT952372,0+112
HT952373,0+112
HT952374,0+112
HT952375,0+112
HT952376,0+112
HT952377,112
HT952378,112
HT952379,112
HT953370,0
HT953371,0+112
HT953372,0+112
HT953373,0+112
HT953374,112
HT953375,112
HT953376,112
HT953377,112
HT953378,112
HT953379,112
HT954370,0+112
HT954371,0+112
HT954372,112
HT954373,112
HT954374,112
HT954375,112
HT954376,112
HT954377,112
HT954378,112
HT954379,112
HT955370,0+112
HT955371,0+112
HT955372,112
HT955373,112
HT955374,112
HT955375,112
HT955376,112
HT955377,112
HT955378,112
HT955379,112
HT956370,0+112
HT956371,0+112
HT956372,112
HT956373,112
HT956374,112
HT956375,112
HT956376,112
HT956377,112
HT956378,112
HT956379,112
HT957370,0+112
HT957371,112
HT957372,112
HT957373,112
HT957374,112
HT957375,112
HT957376,112
HT957377,112
HT957378,112
HT957379,112
HT958370,0+112
HT958371,112
HT958372,112
HT958373,112
HT958374,112
HT958375,112
HT958376,112
HT958377,112
HT958378,112
HT958379,112
HT959370,0+112
HT959371,112
HT959372,112
HT959373,112
HT959374,112
HT959375,112
HT959376,112
HT959377,112
HT959378,112
HT959379,112
HT93P,0+112
HT9438,0+112
HT940380,0
HT940381,0
HT940382,0
HT940383,0
HT940384,0
HT940385,0
HT940386,0+112
HT940387,112
HT940388,112
HT940389,112
HT941380,0
HT941381,0
HT941382,0
HT941383,0
HT941384,0
HT941385,0+112
HT941386,0+112
HT941387,112
HT941388,112
HT941389,112
HT942380,0
HT942381,0
HT942382,0
HT942383,0
HT942384,0
HT942385,0+112
HT942386,112
HT942387,112
HT942388,112
HT942389,112
HT943380,0
HT943381,0
HT943382,0
HT943383,0
HT943384,0
HT943385,0+112
HT943386,112
HT943387,112
HT943388,112
HT943389,112
HT944380,0
HT944381,0
HT944382,0
HT944383,0
HT944384,0+112
HT944385,0+112
HT944386,112
HT944387,112
HT944388,112
HT944389,112
HT945380,0
HT945381,0
HT945382,0
HT945383,0
HT945384,0+112
HT945385,112
HT945386,112
HT945387,112
HT945388,112
HT945389,112
HT946380,0
HT946381,0
HT946382,0
HT946383,0
HT946384,0+112
HT946385,112
HT946386,112
HT946387,112
HT946388,112
HT946389,112
HT947380,0
HT947381,0
HT947382,0
HT947383,0+112
HT947384,0+112
HT947385,112
HT947386,112
HT947387,112
HT947388,112
HT947389,112
HT948380,0
HT948381,0
HT948382,0+112
HT948383,0+112
HT948384,112
HT948385,112
HT948386,112
HT948387,112
HT948388,112
HT948389,112
HT949380,0+112
HT949381,0+112
HT949382,0+112
HT949383,0+112
HT949384,112
HT949385,112
HT949386,112
HT949387,112
HT949388,112
HT949389,112
HT9439,112
HT9538,0+112
HT950380,0+112
HT950381,0+112
HT950382,0+112
HT950383,112
HT950384,112
HT950385,112
HT950386,112
HT950387,112
HT950388,112
HT950389,112
HT951380,112
HT951381,112
HT951382,112
HT951383,112
HT951384,112
HT951385,112
HT951386,112
HT951387,112
HT951388,112
HT951389,112
HT952380,112
HT952381,112
HT952382,112
HT952383,112
HT952384,112
HT952385,112
HT952386,112
HT952387,112
HT952388,112
HT952389,112
HT953380,112
HT953381,112
HT953382,112
HT953383,112
HT953384,112
HT953385,112
HT953386,112
HT953387,112
HT953388,112
HT953389,112
HT954380,112
HT954381,112
HT954382,112
HT954383,112
HT954384,112
HT954385,112
HT954386,112
HT954387,112
HT954388,112
HT954389,112
HT955380,112
HT955381,112
HT955382,112
HT955383,112
HT955384,112
HT955385,112
HT955386,112
HT955387,112
HT955388,112
HT955389,112
HT956380,112
HT956381,112
HT956382,112
HT956383,112
HT956384,112
HT956385,112
HT956386,112
HT956387,112
HT956388,112
HT956389,112
HT957380,112
HT957381,112
HT957382,112
HT957383,112
HT957384,112
HT957385,112
HT957386,112
HT957387,112
HT957388,112
HT957389,112
HT958380,112
HT958381,112
HT958382,112
HT958383,112
HT958384,112
HT958385,112
HT958386,112
HT958387,112
HT958388,112
HT958389,112
HT959380,112
HT959381,112
HT959382,112
HT959383,112
HT959384,112
HT959385,112
HT959386,112
HT959387,112
HT959388,112
HT959389,112
HT9539,112
HT93Q,0
HT93R,0
HT93S,0
HT93T,0+112
HT9636,0+112
HT960360,0
HT960361,0
HT960362,0
HT960363,0
HT960364,0
HT960365,0
HT960366,0
HT960367,0
HT960368,0
HT960369,0
HT961360,0
HT961361,0
HT961362,0
HT961363,0
HT961364,0
HT961365,0
HT961366,0
HT961367,0
HT961368,0
HT961369,0+112
HT962360,0
HT962361,0
HT962362,0
HT962363,0
HT962364,0
HT962365,0
HT962366,0
HT962367,0
HT962368,0+112
HT962369,0+112
HT963360,0
HT963361,0+112
HT963362,0+112
HT963363,0+112
HT963364,0+112
HT963365,0
HT963366,0+112
HT963367,0+112
HT963368,0+112
HT963369,0+112
HT964360,0
HT964361,0+112
HT964362,112
HT964363,112
HT964364,0+112
HT964365,0+112
HT964366,0+112
HT964367,0+112
HT964368,112
HT964369,112
HT965360,0
HT965361,0+112
HT965362,0+112
HT965363,112
HT965364,0+112
HT965365,0+112
HT965366,112
HT965367,112
HT965368,112
HT965369,112
HT966360,0
HT966361,0+112
HT966362,0+112
HT966363,0+112
HT966364,0+112
HT966365,112
HT966366,112
HT966367,112
HT966368,112
HT966369,112
HT967360,0
HT967361,0
HT967362,0+112
HT967363,0+112
HT967364,0+112
HT967365,0+112
HT967366,112
HT967367,112
HT967368,112
HT967369,112
HT968360,0
HT968361,0
HT968362,0
HT968363,0
HT968364,0+112
HT968365,0+112
HT968366,0+112
HT968367,112
HT968368,112
HT968369,112
HT969360,0
HT969361,0
HT969362,0
HT969363,0
HT969364,0
HT969365,0+112
HT969366,0+112
HT969367,112
HT969368,112
HT969369,112
HT9637,0+112
HT960370,0+112
HT960371,112
HT960372,112
HT960373,112
HT960374,112
HT960375,112
HT960376,112
HT960377,112
HT960378,112
HT960379,112
HT961370,0+112
HT961371,112
HT961372,112
HT961373,112
HT961374,112
HT961375,112
HT961376,112
HT961377,112
HT961378,112
HT961379,112
HT962370,112
HT962371,112
HT962372,112
HT962373,112
HT962374,112
HT962375,112
HT962376,112
HT962377,112
HT962378,112
HT962379,112
HT963370,112
HT963371,112
HT963372,112
HT963373,112
HT963374,112
HT963375,112
HT963376,112
HT963377,112
HT963378,112
HT963379,112
HT964370,112
HT964371,112
HT964372,112
HT964373,112
HT964374,112
HT964375,112
HT964376,112
HT964377,112
HT964378,112
HT964379,112
HT965370,112
HT965371,112
HT965372,112
HT965373,112
HT965374,112
HT965375,112
HT965376,112
HT965377,112
HT965378,112
HT965379,112
HT966370,112
HT966371,112
HT966372,112
HT966373,112
HT966374,112
HT966375,112
HT966376,112
HT966377,112
HT966378,112
HT966379,112
HT967370,112
HT967371,112
HT967372,112
HT967373,112
HT967374,112
HT967375,112
HT967376,112
HT967377,112
HT967378,112
HT967379,112
HT968370,112
HT968371,112
HT968372,112
HT968373,112
HT968374,112
HT968375,112
HT968376,112
HT968377,112
HT968378,112
HT968379,112
HT969370,112
HT969371,112
HT969372,112
HT969373,112
HT969374,112
HT969375,112
HT969376,112
HT969377,112
HT969378,112
HT969379,112
HT9736,0+112
HT970360,0
HT970361,0
HT970362,0
HT970363,0
HT970364,0
HT970365,0+112
HT970366,0+112
HT970367,0+112
HT970368,0+112
HT970369,112
HT971360,0
HT971361,0
HT971362,0
HT971363,0
HT971364,0
HT971365,0+112
HT971366,0+112
HT971367,0+112
HT971368,0+112
HT971369,0+112
HT972360,0
HT972361,0
HT972362,0
HT972363,0
HT972364,0
HT972365,0
HT972366,0
HT972367,0
HT972368,0+112
HT972369,0+112
HT973360,0
HT973361,0
HT973362,0
HT973363,0
HT973364,0
HT973365,0
HT973366,0
HT973367,0
HT973368,0
HT973369,0
HT974360,0
HT974361,0
HT974362,0
HT974363,0
HT974364,0
HT974365,0
HT974366,0
HT974367,0
HT974368,0
HT974369,0
HT975360,0
HT975361,0
HT975362,0
HT975363,0
HT975364,0
HT975365,0
HT975366,0
HT975367,0
HT975368,0
HT975369,0
HT976360,0
HT976361,0
HT976362,0
HT976363,0
HT976364,0
HT976365,0
HT976366,0
HT976367,0
HT976368,0
HT976369,0
HT977360,0
HT977361,0
HT977362,0
HT977363,0
HT977364,0
HT977365,0
HT977366,0
HT977367,0
HT977368,0
HT977369,0
HT978360,0
HT978361,0
HT978362,0
HT978363,0
HT978364,0
HT978365,0
HT978366,0
HT978367,0
HT978368,0
HT978369,0
HT979360,0
HT979361,0
HT979362,0
HT979363,0
HT979364,0
HT979365,0
HT979366,0
HT979367,0
HT979368,0
HT979369,0
HT9737,0+112
HT970370,112
HT970371,112
HT970372,112
HT970373,112
HT970374,112
HT970375,112
HT970376,112
HT970377,112
HT970378,112
HT970379,112
HT971370,112
HT971371,112
HT971372,112
HT971373,112
HT971374,112
HT971375,112
HT971376,112
HT971377,112
HT971378,112
HT971379,112
HT972370,0+112
HT972371,0+112
HT972372,0+112
HT972373,112
HT972374,112
HT972375,0+112
HT972376,0+112
HT972377,112
HT972378,112
HT972379,112
HT973370,0
HT973371,0+112
HT973372,0+112
HT973373,0+112
HT973374,0+112
HT973375,0+112
HT973376,0+112
HT973377,0+112
HT973378,0+112
HT973379,0+112
HT974370,0
HT974371,0
HT974372,0
HT974373,0
HT974374,0
HT974375,0
HT974376,0
HT974377,0
HT974378,0
HT974379,0+112
HT975370,0
HT975371,0
HT975372,0
HT975373,0
HT975374,0
HT975375,0
HT975376,0
HT975377,0
HT975378,0
HT975379,0
HT976370,0
HT976371,0
HT976372,0
HT976373,0
HT976374,0
HT976375,0
HT976376,0
HT976377,0
HT976378,0
HT976379,0
HT977370,0
HT977371,0
HT977372,0
HT977373,0
HT977374,0
HT977375,0
HT977376,0
HT977377,0
HT977378,0
HT977379,0
HT978370,0
HT978371,0
HT978372,0
HT978373,0
HT978374,0
HT978375,0
HT978376,0
HT978377,0
HT978378,0
HT978379,0
HT979370,0
HT979371,0
HT979372,0
HT979373,0
HT979374,0
HT979375,0
HT979376,0
HT979377,0
HT979378,0
HT979379,0
HT93U,0+112
HT9638,112
HT9639,112
HT9738,0+112
HT970380,112
HT970381,112
HT970382,112
HT970383,112
HT970384,112
HT970385,112
HT970386,112
HT970387,112
HT970388,112
HT970389,112
HT971380,112
HT971381,112
HT971382,112
HT971383,112
HT971384,112
HT971385,112
HT971386,112
HT971387,112
HT971388,112
HT971389,112
HT972380,112
HT972381,112
HT972382,112
HT972383,112
HT972384,112
HT972385,112
HT972386,112
HT972387,112
HT972388,112
HT972389,112
HT973380,0+112
HT973381,0+112
HT973382,112
HT973383,112
HT973384,0+112
HT973385,112
HT973386,112
HT973387,0+112
HT973388,0+112
HT973389,112
HT974380,0+112
HT974381,0+112
HT974382,112
HT974383,0+112
HT974384,0+112
HT974385,0+112
HT974386,112
HT974387,0+112
HT974388,0+112
HT974389,112
HT975380,0+112
HT975381,0+112
HT975382,0+112
HT975383,0+112
HT975384,0+112
HT975385,0+112
HT975386,0+112
HT975387,0+112
HT975388,0+112
HT975389,0+112
HT976380,0
HT976381,0
HT976382,0+112
HT976383,0+112
HT976384,0
HT976385,0+112
HT976386,0
HT976387,0
HT976388,0
HT976389,0+112
HT977380,0
HT977381,0
HT977382,0
HT977383,0
HT977384,0
HT977385,0
HT977386,0
HT977387,0
HT977388,0
HT977389,0
HT978380,0
HT978381,0
HT978382,0
HT978383,0
HT978384,0
HT978385,0
HT978386,0
HT978387,0
HT978388,0
HT978389,0
HT979380,0
HT979381,0
HT979382,0
HT979383,0
HT979384,0
HT979385,0
HT979386,0
HT979387,0
HT979388,0
HT979389,0
HT9739,0+112
HT970390,112
HT970391,112
HT970392,112
HT970393,112
HT970394,112
HT970395,112
HT970396,112
HT970397,112
HT970398,112
HT970399,112
HT971390,112
HT971391,112
HT971392,112
HT971393,112
HT971394,112
HT971395,112
HT971396,112
HT971397,112
HT971398,112
HT971399,112
HT972390,112
HT972391,112
HT972392,112
HT972393,112
HT972394,112
HT972395,112
HT972396,112
HT972397,112
HT972398,112
HT972399,112
HT973390,112
HT973391,112
HT973392,112
HT973393,112
HT973394,112
HT973395,112
HT973396,112
HT973397,112
HT973398,112
HT973399,112
HT974390,112
HT974391,112
HT974392,112
HT974393,112
HT974394,112
HT974395,112
HT974396,112
HT974397,112
HT974398,112
HT974399,112
HT975390,112
HT975391,112
HT975392,112
HT975393,112
HT975394,112
HT975395,112
HT975396,112
HT975397,112
HT975398,0+112
HT975399,0+112
HT976390,0+112
HT976391,112
HT976392,112
HT976393,112
HT976394,112
HT976395,112
HT976396,112
HT976397,112
HT976398,0+112
HT976399,0+112
HT977390,0+112
HT977391,112
HT977392,112
HT977393,112
HT977394,112
HT977395,0+112
HT977396,0+112
HT977397,0+112
HT977398,0+112
HT977399,0
HT978390,0+112
HT978391,0+112
HT978392,0+112
HT978393,0+112
HT978394,0+112
HT978395,0+112
HT978396,0
HT978397,0
HT978398,0
HT978399,0
HT979390,0
HT979391,0
HT979392,0
HT979393,0
HT979394,0
HT979395,0
HT979396,0
HT979397,0
HT979398,0
HT979399,0
HT93V,0
HT93W,0
HT93X,0
HT93Y,0
HT93Z,0
HT94,0+112
HT94SW,0+112
HT94NW,0
HT94SE,0+112
HT94NE,0
HT94A,0
HT94B,0
HT94C,0
HT94D,0
HT94E,0
HT94F,0+112
HT9240,0
HT9241,0
HT9340,0+112
HT930400,0
HT930401,0
HT930402,0
HT930403,0
HT930404,0
HT930405,0
HT930406,0
HT930407,0
HT930408,0
HT930409,0
HT931400,0
HT931401,0
HT931402,0
HT931403,0
HT931404,0
HT931405,0
HT931406,0
HT931407,0
HT931408,0
HT931409,0
HT932400,0
HT932401,0
HT932402,0
HT932403,0
HT932404,0
HT932405,0
HT932406,0
HT932407,0
HT932408,0
HT932409,0
HT933400,0
HT933401,0
HT933402,0
HT933403,0
HT933404,0
HT933405,0
HT933406,0
HT933407,0
HT933408,0
HT933409,0
HT934400,0
HT934401,0
HT934402,0
HT934403,0
HT934404,0
HT934405,0
HT934406,0
HT934407,0
HT934408,0
HT934409,0
HT935400,0
HT935401,0
HT935402,0
HT935403,0
HT935404,0
HT935405,0
HT935406,0
HT935407,0
HT935408,0
HT935409,0
HT936400,0
HT936401,0
HT936402,0
HT936403,0
HT936404,0
HT936405,0
HT936406,0
HT936407,0
HT936408,0
HT936409,0
HT937400,0
HT937401,0
HT937402,0
HT937403,0
HT937404,0
HT937405,0
HT937406,0
HT937407,0
HT937408,0
HT937409,0
HT938400,0+112
HT938401,0+112
HT938402,0
HT938403,0
HT938404,0
HT938405,0
HT938406,0
HT938407,0
HT938408,0
HT938409,0
HT939400,112
HT939401,0+112
HT939402,0
HT939403,0
HT939404,0
HT939405,0
HT939406,0
HT939407,0
HT939408,0
HT939409,0
HT9341,0
HT94G,0
HT94H,0
HT94I,0
HT94J,0
HT94K,0+112
HT9440,0+112
HT940400,112
HT940401,112
HT940402,0+112
HT940403,0+112
HT940404,0
HT940405,0
HT940406,0
HT940407,0
HT940408,0
HT940409,0
HT941400,112
HT941401,112
HT941402,112
HT941403,0+112
HT941404,0
HT941405,0
HT941406,0
HT941407,0
HT941408,0
HT941409,0
HT942400,112
HT942401,112
HT942402,112
HT942403,0+112
HT942404,0+112
HT942405,0
HT942406,0
HT942407,0
HT942408,0
HT942409,0
HT943400,112
HT943401,112
HT943402,112
HT943403,112
HT943404,0+112
HT943405,0+112
HT943406,0
HT943407,0
HT943408,0
HT943409,0
HT944400,112
HT944401,112
HT944402,112
HT944403,112
HT944404,112
HT944405,0+112
HT944406,0
HT944407,0
HT944408,0
HT944409,0
HT945400,112
HT945401,112
HT945402,112
HT945403,112
HT945404,112
HT945405,0+112
HT945406,0+112
HT945407,0
HT945408,0
HT945409,0
HT946400,112
HT946401,112
HT946402,112
HT946403,112
HT946404,112
HT946405,112
HT946406,0+112
HT946407,0+112
HT946408,0
HT946409,0
HT947400,112
HT947401,112
HT947402,112
HT947403,112
HT947404,112
HT947405,112
HT947406,112
HT947407,0+112
HT947408,0+112
HT947409,0
HT948400,112
HT948401,112
HT948402,112
HT948403,112
HT948404,112
HT948405,112
HT948406,112
HT948407,112
HT948408,0+112
HT948409,0
HT949400,112
HT949401,112
HT949402,112
HT949403,112
HT949404,112
HT949405,112
HT949406,112
HT949407,112
HT949408,112
HT949409,0+112
HT9441,0
HT9540,0+112
HT950400,112
HT950401,112
HT950402,112
HT950403,112
HT950404,112
HT950405,112
HT950406,112
HT950407,112
HT950408,112
HT950409,0+112
HT951400,112
HT951401,112
HT951402,112
HT951403,112
HT951404,112
HT951405,112
HT951406,112
HT951407,112
HT951408,112
HT951409,112
HT952400,112
HT952401,112
HT952402,112
HT952403,112
HT952404,112
HT952405,112
HT952406,112
HT952407,112
HT952408,112
HT952409,112
HT953400,112
HT953401,112
HT953402,112
HT953403,112
HT953404,112
HT953405,112
HT953406,112
HT953407,112
HT953408,112
HT953409,112
HT954400,112
HT954401,112
HT954402,112
HT954403,112
HT954404,112
HT954405,112
HT954406,112
HT954407,112
HT954408,112
HT954409,112
HT955400,112
HT955401,112
HT955402,112
HT955403,112
HT955404,112
HT955405,112
HT955406,112
HT955407,112
HT955408,112
HT955409,112
HT956400,112
HT956401,112
HT956402,112
HT956403,112
HT956404,112
HT956405,112
HT956406,112
HT956407,112
HT956408,112
HT956409,112
HT957400,112
HT957401,112
HT957402,112
HT957403,112
HT957404,112
HT957405,112
HT957406,112
HT957407,112
HT957408,112
HT957409,112
HT958400,112
HT958401,112
HT958402,112
HT958403,112
HT958404,112
HT958405,112
HT958406,112
HT958407,112
HT958408,112
HT958409,112
HT959400,112
HT959401,112
HT959402,112
HT959403,112
HT959404,112
HT959405,112
HT959406,112
HT959407,112
HT959408,112
HT959409,112
HT9541,0+112
HT950410,0+112
HT950411,0
HT950412,0
HT950413,0
HT950414,0
HT950415,0
HT950416,0
HT950417,0
HT950418,0
HT950419,0
HT951410,0+112
HT951411,0+112
HT951412,0+112
HT951413,0
HT951414,0
HT951415,0
HT951416,0
HT951417,0
HT951418,0
HT951419,0
HT952410,112
HT952411,0+112
HT952412,0+112
HT952413,0
HT952414,0
HT952415,0
HT952416,0
HT952417,0
HT952418,0
HT952419,0
HT953410,112
HT953411,0+112
HT953412,0+112
HT953413,0
HT953414,0
HT953415,0
HT953416,0
HT953417,0
HT953418,0
HT953419,0
HT954410,112
HT954411,112
HT954412,112
HT954413,0+112
HT954414,0
HT954415,0
HT954416,0
HT954417,0
HT954418,0
HT954419,0
HT955410,112
HT955411,112
HT955412,112
HT955413,0+112
HT955414,0
HT955415,0
HT955416,0
HT955417,0
HT955418,0
HT955419,0
HT956410,112
HT956411,112
HT956412,112
HT956413,0+112
HT956414,0
HT956415,0
HT956416,0
HT956417,0
HT956418,0
HT956419,0
HT957410,112
HT957411,112
HT957412,112
HT957413,0+112
HT957414,0
HT957415,0
HT957416,0
HT957417,0
HT957418,0
HT957419,0
HT958410,112
HT958411,112
HT958412,112
HT958413,0+112
HT958414,0+112
HT958415,0
HT958416,0
HT958417,0
HT958418,0
HT958419,0
HT959410,112
HT959411,112
HT959412,112
HT959413,112
HT959414,0+112
HT959415,0
HT959416,0
HT959417,0
HT959418,0
HT959419,0
HT94L,0
HT94M,0
HT94N,0
HT94P,0
HT94Q,0+112
HT9640,112
HT9641,0+112
HT960410,112
HT960411,112
HT960412,112
HT960413,112
HT960414,0+112
HT960415,0
HT960416,0
HT960417,0
HT960418,0
HT960419,0
HT961410,112
HT961411,112
HT961412,0+112
HT961413,0+112
HT961414,0+112
HT961415,0
HT961416,0
HT961417,0
HT961418,0
HT961419,0
HT962410,112
HT962411,0+112
HT962412,0+112
HT962413,0
HT962414,0
HT962415,0
HT962416,0
HT962417,0
HT962418,0
HT962419,0
HT963410,112
HT963411,0+112
HT963412,0
HT963413,0
HT963414,0
HT963415,0
HT963416,0
HT963417,0
HT963418,0
HT963419,0
HT964410,112
HT964411,0+112
HT964412,0
HT964413,0
HT964414,0
HT964415,0
HT964416,0
HT964417,0
HT964418,0
HT964419,0
HT965410,0+112
HT965411,0+112
HT965412,0
HT965413,0
HT965414,0
HT965415,0
HT965416,0
HT965417,0
HT965418,0
HT965419,0
HT966410,0+112
HT966411,0
HT966412,0
HT966413,0
HT966414,0
HT966415,0
HT966416,0
HT966417,0
HT966418,0
HT966419,0
HT967410,0+112
HT967411,0+112
HT967412,0
HT967413,0
HT967414,0
HT967415,0
HT967416,0
HT967417,0
HT967418,0
HT967419,0
HT968410,0+112
HT968411,0+112
HT968412,0
HT968413,0
HT968414,0
HT968415,0
HT968416,0
HT968417,0
HT968418,0
HT968419,0
HT969410,112
HT969411,0+112
HT969412,0+112
HT969413,0
HT969414,0
HT969415,0
HT969416,0
HT969417,0
HT969418,0
HT969419,0
HT9740,0+112
HT970400,112
HT970401,112
HT970402,112
HT970403,112
HT970404,112
HT970405,112
HT970406,112
HT970407,112
HT970408,112
HT970409,0+112
HT971400,112
HT971401,112
HT971402,112
HT971403,112
HT971404,112
HT971405,112
HT971406,112
HT971407,112
HT971408,112
HT971409,0+112
HT972400,112
HT972401,112
HT972402,112
HT972403,112
HT972404,112
HT972405,112
HT972406,112
HT972407,112
HT972408,0+112
HT972409,0+112
HT973400,112
HT973401,112
HT973402,0+112
HT973403,0+112
HT973404,0+112
HT973405,112
HT973406,112
HT973407,0+112
HT973408,0+112
HT973409,0
HT974400,112
HT974401,0+112
HT974402,0+112
HT974403,0+112
HT974404,0+112
HT974405,0+112
HT974406,0+112
HT974407,0
HT974408,0
HT974409,0
HT975400,0+112
HT975401,0+112
HT975402,0
HT975403,0
HT975404,0
HT975405,0
HT975406,0
HT975407,0
HT975408,0
HT975409,0
HT976400,0
HT976401,0
HT976402,0
HT976403,0
HT976404,0
HT976405,0
HT976406,0
HT976407,0
HT976408,0
HT976409,0
HT977400,0
HT977401,0
HT977402,0
HT977403,0
HT977404,0
HT977405,0
HT977406,0
HT977407,0
HT977408,0
HT977409,0
HT978400,0
HT978401,0
HT978402,0
HT978403,0
HT978404,0
HT978405,0
HT978406,0
HT978407,0
HT978408,0
HT978409,0
HT979400,0
HT979401,0
HT979402,0
HT979403,0
HT979404,0
HT979405,0
HT979406,0
HT979407,0
HT979408,0
HT979409,0
HT9741,0+112
HT970410,0+112
HT970411,112
HT970412,0+112
HT970413,0+112
HT970414,0
HT970415,0
HT970416,0
HT970417,0
HT970418,0
HT970419,0
HT971410,0+112
HT971411,0+112
HT971412,0+112
HT971413,0+112
HT971414,0
HT971415,0
HT971416,0
HT971417,0
HT971418,0
HT971419,0
HT972410,0
HT972411,0
HT972412,0+112
HT972413,0+112
HT972414,0
HT972415,0
HT972416,0
HT972417,0
HT972418,0
HT972419,0
HT973410,0
HT973411,0
HT973412,0
HT973413,0
HT973414,0
HT973415,0
HT973416,0
HT973417,0
HT973418,0
HT973419,0
HT974410,0
HT974411,0
HT974412,0
HT974413,0
HT974414,0
HT974415,0
HT974416,0
HT974417,0
HT974418,0
HT974419,0
HT975410,0
HT975411,0
HT975412,0
HT975413,0
HT975414,0
HT975415,0
HT975416,0
HT975417,0
HT975418,0
HT975419,0
HT976410,0
HT976411,0
HT976412,0
HT976413,0
HT976414,0
HT976415,0
HT976416,0
HT976417,0
HT976418,0
HT976419,0
HT977410,0
HT977411,0
HT977412,0
HT977413,0
HT977414,0
HT977415,0
HT977416,0
HT977417,0
HT977418,0
HT977419,0
HT978410,0
HT978411,0
HT978412,0
HT978413,0
HT978414,0
HT978415,0
HT978416,0
HT978417,0
HT978418,0
HT978419,0
HT979410,0
HT979411,0
HT979412,0
HT979413,0
HT979414,0
HT979415,0
HT979416,0
HT979417,0
HT979418,0
HT979419,0
HT94R,0
HT94S,0
HT94T,0
HT94U,0
HT94V,0
HT94W,0
HT94X,0
HT94Y,0
HT94Z,0
HT95,0
HT96,0
HT97,0
HT98,0
HT99,0
