HW,0+110
HW00,0
HW01,0
HW02,0
HW03,0
HW04,0
HW05,0
HW06,0
HW07,0
HW08,0
HW09,0
HW10,0
HW11,0
HW12,0
HW13,0
HW14,0
HW15,0
HW16,0
HW17,0
HW18,0
HW19,0
HW20,0
HW21,0
HW22,0
HW23,0
HW24,0
HW25,0
HW26,0
HW27,0
HW28,0
HW29,0
HW30,0
HW31,0
HW32,0
HW33,0
HW34,0
HW35,0
HW36,0
HW37,0
HW38,0
HW39,0
HW40,0
HW41,0
HW42,0
HW43,0
HW44,0
HW45,0
HW46,0
HW47,0
HW48,0
HW49,0
HW50,0
HW51,0
HW52,0
HW53,0
HW54,0
HW55,0
HW56,0
HW57,0
HW58,0
HW59,0
HW60,0
HW61,0
HW62,0+110
HW62SW,0
HW62NW,0+110
HW62SE,0
HW62NE,0
HW62A,0
HW62B,0
HW62C,0
HW62D,0
HW62E,0+110
HW6028,0
HW6029,0
HW6128,0
HW6129,0+110
HW610290,0
HW610291,0
HW610292,0
HW610293,0
HW610294,0
HW610295,0
HW610296,0
HW610297,0
HW610298,0
HW610299,0
HW611290,0
HW611291,0
HW611292,0
HW611293,0
HW611294,0
HW611295,0
HW611296,0
HW611297,0
HW611298,0
HW611299,0
HW612290,0
HW612291,0
HW612292,0
HW612293,0
HW612294,0
HW612295,0
HW612296,0
HW612297,0
HW612298,0
HW612299,0
HW613290,0
HW613291,0
HW613292,0
HW613293,0
HW613294,0
HW613295,0
HW613296,0
HW613297,0
HW613298,0
HW613299,0
HW614290,0
HW614291,0
HW614292,0
HW614293,0
HW614294,0
HW614295,0
HW614296,0
HW614297,0
HW614298,0
HW614299,0
HW615290,0
HW615291,0
HW615292,0
HW615293,0
HW615294,0
HW615295,0
HW615296,0
HW615297,0
HW615298,0
HW615299,0
HW616290,0
HW616291,0
HW616292,0
HW616293,0
HW616294,0
HW616295,0
HW616296,0
HW616297,0
HW616298,0
HW616299,0
HW617290,0
HW617291,0
HW617292,0
HW617293,0
HW617294,0
HW617295,0
HW617296,0+110
HW617297,0
HW617298,0
HW617299,0
HW618290,0
HW618291,0
HW618292,0
HW618293,0
HW618294,0
HW618295,0
HW618296,0+110
HW618297,0+110
HW618298,0
HW618299,0
HW619290,0
HW619291,0
HW619292,0
HW619293,0
HW619294,0
HW619295,0
HW619296,0
HW619297,0
HW619298,0
HW619299,0
HW62F,0
HW62G,0
HW62H,0
HW62I,0
HW62J,0
HW62K,0
HW62L,0
HW62M,0
HW62N,0
HW62P,0
HW62Q,0
HW62R,0
HW62S,0
HW62T,0
HW62U,0
HW62V,0
HW62W,0
HW62X,0
HW62Y,0
HW62Z,0
HW63,0+110
HW63SW,0+110
HW63NW,0
HW63SE,0
HW63NE,0
HW63A,0+110
HW6030,0
HW6031,0
HW6130,0+110
HW610300,0
HW610301,0
HW610302,0
HW610303,0
HW610304,0
HW610305,0
HW610306,0
HW610307,0
HW610308,0
HW610309,0
HW611300,0
HW611301,0
HW611302,0
HW611303,0
HW611304,0
HW611305,0
HW611306,0
HW611307,0
HW611308,0
HW611309,0
HW612300,0
HW612301,0
HW612302,0
HW612303,0
HW612304,0
HW612305,0
HW612306,0
HW612307,0
HW612308,0
HW612309,0
HW613300,0
HW613301,0
HW613302,0
HW613303,0
HW613304,0
HW613305,0
HW613306,0
HW613307,0
HW613308,0
HW613309,0
HW614300,0
HW614301,0
HW614302,0
HW614303,0
HW614304,0
HW614305,0
HW614306,0
HW614307,0
HW614308,0
HW614309,0
HW615300,0
HW615301,0
HW615302,0
HW615303,0
HW615304,0
HW615305,0
HW615306,0
HW615307,0
HW615308,0
HW615309,0
HW616300,0
HW616301,0
HW616302,0
HW616303,0
HW616304,0
HW616305,0
HW616306,0
HW616307,0
HW616308,0
HW616309,0
HW617300,0
HW617301,0
HW617302,0
HW617303,0+110
HW617304,0
HW617305,0
HW617306,0
HW617307,0
HW617308,0
HW617309,0
HW618300,0
HW618301,0
HW618302,0+110
HW618303,0+110
HW618304,0+110
HW618305,0+110
HW618306,0+110
HW618307,0+110
HW618308,0+110
HW618309,0
HW619300,0
HW619301,0
HW619302,0
HW619303,0+110
HW619304,0+110
HW619305,0+110
HW619306,0+110
HW619307,0+110
HW619308,0+110
HW619309,0
HW6131,0+110
HW610310,0
HW610311,0
HW610312,0
HW610313,0
HW610314,0
HW610315,0
HW610316,0
HW610317,0
HW610318,0
HW610319,0
HW611310,0
HW611311,0
HW611312,0
HW611313,0
HW611314,0
HW611315,0
HW611316,0
HW611317,0
HW611318,0
HW611319,0
HW612310,0
HW612311,0
HW612312,0+110
HW612313,0
HW612314,0
HW612315,0
HW612316,0
HW612317,0
HW612318,0
HW612319,0
HW613310,0
HW613311,0
HW613312,0
HW613313,0
HW613314,0
HW613315,0
HW613316,0
HW613317,0
HW613318,0
HW613319,0
HW614310,0
HW614311,0
HW614312,0
HW614313,0
HW614314,0
HW614315,0
HW614316,0
HW614317,0
HW614318,0
HW614319,0
HW615310,0
HW615311,0
HW615312,0
HW615313,0
HW615314,0
HW615315,0
HW615316,0
HW615317,0
HW615318,0
HW615319,0
HW616310,0
HW616311,0
HW616312,0
HW616313,0
HW616314,0
HW616315,0
HW616316,0
HW616317,0
HW616318,0
HW616319,0
HW617310,0
HW617311,0
HW617312,0
HW617313,0
HW617314,0
HW617315,0
HW617316,0
HW617317,0
HW617318,0
HW617319,0
HW618310,0+110
HW618311,0
HW618312,0
HW618313,0
HW618314,0
HW618315,0
HW618316,0
HW618317,0
HW618318,0
HW618319,0
HW619310,0
HW619311,0
HW619312,0
HW619313,0
HW619314,0
HW619315,0
HW619316,0
HW619317,0
HW619318,0
HW619319,0
HW63B,0
HW63C,0
HW63D,0
HW63E,0
HW63F,0+110
HW6230,0+110
HW620300,0
HW620301,0
HW620302,0
HW620303,0
HW620304,0+110
HW620305,0+110
HW620306,0+110
HW620307,0+110
HW620308,0+110
HW620309,0
HW621300,0
HW621301,0
HW621302,0
HW621303,0
HW621304,0+110
HW621305,0+110
HW621306,0+110
HW621307,0+110
HW621308,0+110
HW621309,0
HW622300,0
HW622301,0
HW622302,0
HW622303,0
HW622304,0+110
HW622305,0+110
HW622306,0+110
HW622307,0+110
HW622308,0+110
HW622309,0+110
HW623300,0
HW623301,0
HW623302,0
HW623303,0
HW623304,0
HW623305,0
HW623306,0+110
HW623307,0+110
HW623308,0+110
HW623309,0+110
HW624300,0
HW624301,0
HW624302,0
HW624303,0
HW624304,0
HW624305,0
HW624306,0
HW624307,0
HW624308,0
HW624309,0
HW625300,0
HW625301,0
HW625302,0
HW625303,0
HW625304,0
HW625305,0
HW625306,0
HW625307,0
HW625308,0
HW625309,0
HW626300,0
HW626301,0
HW626302,0
HW626303,0
HW626304,0
HW626305,0
HW626306,0
HW626307,0
HW626308,0
HW626309,0
HW627300,0
HW627301,0
HW627302,0
HW627303,0
HW627304,0
HW627305,0
HW627306,0
HW627307,0
HW627308,0
HW627309,0
HW628300,0
HW628301,0
HW628302,0
HW628303,0
HW628304,0
HW628305,0
HW628306,0
HW628307,0
HW628308,0
HW628309,0
HW629300,0
HW629301,0
HW629302,0
HW629303,0
HW629304,0
HW629305,0
HW629306,0
HW629307,0
HW629308,0
HW629309,0
HW6231,0
HW6330,0
HW6331,0
HW63G,0
HW63H,0
HW63I,0
HW63J,0
HW63K,0
HW63L,0
HW63M,0
HW63N,0
HW63P,0
HW63Q,0
HW63R,0
HW63S,0
HW63T,0
HW63U,0
HW63V,0
HW63W,0
HW63X,0
HW63Y,0
HW63Z,0
HW64,0
HW65,0
HW66,0
HW67,0
HW68,0
HW69,0
HW70,0
HW71,0
HW72,0
HW73,0+110
HW73SW,0
HW73NW,0
HW73SE,0+110
HW73NE,0
HW73A,0
HW73B,0
HW73C,0
HW73D,0
HW73E,0
HW73F,0
HW73G,0
HW73H,0
HW73I,0
HW73J,0
HW73K,0
HW73L,0
HW73M,0
HW73N,0
HW73P,0
HW73Q,0
HW73R,0
HW73S,0
HW73T,0
HW73U,0
HW73V,0
HW73W,0+110
HW7832,0
HW7833,0
HW7932,0+110
HW790320,0
HW790321,0
HW790322,0
HW790323,0
HW790324,0
HW790325,0
HW790326,0
HW790327,0
HW790328,0
HW790329,0
HW791320,0
HW791321,0
HW791322,0
HW791323,0
HW791324,0
HW791325,0
HW791326,0
HW791327,0
HW791328,0
HW791329,0
HW792320,0
HW792321,0
HW792322,0
HW792323,0
HW792324,0
HW792325,0
HW792326,0
HW792327,0
HW792328,0
HW792329,0
HW793320,0
HW793321,0
HW793322,0
HW793323,0
HW793324,0
HW793325,0
HW793326,0
HW793327,0
HW793328,0
HW793329,0
HW794320,0
HW794321,0
HW794322,0
HW794323,0
HW794324,0
HW794325,0
HW794326,0
HW794327,0
HW794328,0
HW794329,0
HW795320,0
HW795321,0
HW795322,0
HW795323,0
HW795324,0
HW795325,0
HW795326,0
HW795327,0
HW795328,0
HW795329,0
HW796320,0
HW796321,0
HW796322,0
HW796323,0
HW796324,0
HW796325,0
HW796326,0
HW796327,0
HW796328,0
HW796329,0
HW797320,0
HW797321,0
HW797322,0
HW797323,0
HW797324,0
HW797325,0
HW797326,0
HW797327,0
HW797328,0
HW797329,0
HW798320,0
HW798321,0
HW798322,0
HW798323,0
HW798324,0
HW798325,0
HW798326,0
HW798327,0
HW798328,0
HW798329,0
HW799320,0+110
HW799321,0
HW799322,0
HW799323,0
HW799324,0
HW799325,0
HW799326,0
HW799327,0
HW799328,0
HW799329,0
HW7933,0
HW73X,0
HW73Y,0
HW73Z,0
HW74,0
HW75,0
HW76,0
HW77,0
HW78,0
HW79,0
HW80,0
HW81,0
HW82,0
HW83,0+110
HW83SW,0+110
HW83NW,0
HW83SE,0
HW83NE,0
HW83A,0+110
HW8030,0
HW8031,0+110
HW800310,0
HW800311,0
HW800312,0
HW800313,0
HW800314,0
HW800315,0
HW800316,0
HW800317,0
HW800318,0+110
HW800319,0+110
HW801310,0
HW801311,0
HW801312,0
HW801313,0
HW801314,0
HW801315,0
HW801316,0
HW801317,0
HW801318,0+110
HW801319,0+110
HW802310,0
HW802311,0
HW802312,0
HW802313,0
HW802314,0
HW802315,0
HW802316,0
HW802317,0+110
HW802318,0+110
HW802319,0+110
HW803310,0
HW803311,0
HW803312,0
HW803313,0
HW803314,0
HW803315,0
HW803316,0
HW803317,0+110
HW803318,0+110
HW803319,0+110
HW804310,0
HW804311,0
HW804312,0
HW804313,0
HW804314,0
HW804315,0
HW804316,0
HW804317,0+110
HW804318,0+110
HW804319,0+110
HW805310,0
HW805311,0
HW805312,0
HW805313,0
HW805314,0
HW805315,0
HW805316,0
HW805317,0
HW805318,0
HW805319,0+110
HW806310,0
HW806311,0
HW806312,0
HW806313,0
HW806314,0
HW806315,0
HW806316,0
HW806317,0
HW806318,0
HW806319,0+110
HW807310,0
HW807311,0
HW807312,0
HW807313,0
HW807314,0
HW807315,0
HW807316,0
HW807317,0
HW807318,0
HW807319,0
HW808310,0
HW808311,0
HW808312,0
HW808313,0
HW808314,0
HW808315,0
HW808316,0
HW808317,0
HW808318,0
HW808319,0
HW809310,0
HW809311,0
HW809312,0
HW809313,0
HW809314,0
HW809315,0
HW809316,0
HW809317,0
HW809318,0
HW809319,0
HW8130,0
HW8131,0+110
HW810310,0
HW810311,0
HW810312,0
HW810313,0
HW810314,0
HW810315,0
HW810316,0
HW810317,0
HW810318,0
HW810319,0
HW811310,0
HW811311,0
HW811312,0
HW811313,0
HW811314,0
HW811315,0
HW811316,0
HW811317,0
HW811318,0
HW811319,0
HW812310,0
HW812311,0
HW812312,0
HW812313,0
HW812314,0
HW812315,0
HW812316,0
HW812317,0
HW812318,0
HW812319,0
HW813310,0
HW813311,0
HW813312,0
HW813313,0
HW813314,0
HW813315,0
HW813316,0
HW813317,0
HW813318,0
HW813319,0
HW814310,0
HW814311,0
HW814312,0
HW814313,0
HW814314,0
HW814315,0
HW814316,0
HW814317,0
HW814318,0+110
HW814319,0+110
HW815310,0
HW815311,0
HW815312,0
HW815313,0
HW815314,0
HW815315,0
HW815316,0
HW815317,0
HW815318,0
HW815319,0+110
HW816310,0
HW816311,0
HW816312,0
HW816313,0
HW816314,0
HW816315,0
HW816316,0
HW816317,0
HW816318,0
HW816319,0+110
HW817310,0
HW817311,0
HW817312,0
HW817313,0
HW817314,0
HW817315,0
HW817316,0
HW817317,0
HW817318,0
HW817319,0+110
HW818310,0
HW818311,0
HW818312,0
HW818313,0
HW818314,0+110
HW818315,0+110
HW818316,0
HW818317,0
HW818318,0
HW818319,0+110
HW819310,0
HW819311,0
HW819312,0+110
HW819313,0+110
HW819314,0+110
HW819315,0+110
HW819316,0
HW819317,0
HW819318,0
HW819319,0
HW83B,0+110
HW8032,0+110
HW800320,0+110
HW800321,0+110
HW800322,0
HW800323,0
HW800324,0
HW800325,0
HW800326,0
HW800327,0
HW800328,0
HW800329,0
HW801320,0+110
HW801321,0
HW801322,0
HW801323,0
HW801324,0
HW801325,0
HW801326,0
HW801327,0
HW801328,0
HW801329,0
HW802320,0+110
HW802321,0
HW802322,0
HW802323,0
HW802324,0
HW802325,0
HW802326,0
HW802327,0
HW802328,0
HW802329,0
HW803320,0+110
HW803321,0+110
HW803322,0
HW803323,0
HW803324,0
HW803325,0
HW803326,0
HW803327,0
HW803328,0
HW803329,0
HW804320,0+110
HW804321,0+110
HW804322,0+110
HW804323,0+110
HW804324,0
HW804325,0
HW804326,0
HW804327,0
HW804328,0
HW804329,0
HW805320,0+110
HW805321,110
HW805322,110
HW805323,0+110
HW805324,0+110
HW805325,0+110
HW805326,0+110
HW805327,0+110
HW805328,0
HW805329,0
HW806320,0+110
HW806321,0+110
HW806322,110
HW806323,110
HW806324,0+110
HW806325,0+110
HW806326,0+110
HW806327,0+110
HW806328,0
HW806329,0
HW807320,0+110
HW807321,110
HW807322,110
HW807323,110
HW807324,110
HW807325,110
HW807326,110
HW807327,0+110
HW807328,0
HW807329,0
HW808320,0+110
HW808321,110
HW808322,110
HW808323,110
HW808324,110
HW808325,110
HW808326,110
HW808327,0+110
HW808328,0
HW808329,0
HW809320,0+110
HW809321,110
HW809322,110
HW809323,110
HW809324,110
HW809325,110
HW809326,0+110
HW809327,0+110
HW809328,0+110
HW809329,0
HW8033,0
HW8132,0+110
HW810320,0+110
HW810321,0+110
HW810322,110
HW810323,110
HW810324,110
HW810325,110
HW810326,0+110
HW810327,0+110
HW810328,0+110
HW810329,0
HW811320,0+110
HW811321,110
HW811322,110
HW811323,110
HW811324,110
HW811325,110
HW811326,110
HW811327,0+110
HW811328,0+110
HW811329,0
HW812320,0+110
HW812321,110
HW812322,110
HW812323,110
HW812324,110
HW812325,110
HW812326,110
HW812327,110
HW812328,0+110
HW812329,0+110
HW813320,0+110
HW813321,0+110
HW813322,110
HW813323,110
HW813324,110
HW813325,110
HW813326,110
HW813327,110
HW813328,0+110
HW813329,110
HW814320,0+110
HW814321,0+110
HW814322,110
HW814323,110
HW814324,110
HW814325,0+110
HW814326,0+110
HW814327,0+110
HW814328,110
HW814329,110
HW815320,110
HW815321,110
HW815322,110
HW815323,110
HW815324,110
HW815325,0+110
HW815326,0+110
HW815327,0+110
HW815328,0+110
HW815329,0+110
HW816320,0+110
HW816321,110
HW816322,110
HW816323,110
HW816324,0+110
HW816325,0
HW816326,0
HW816327,0
HW816328,0+110
HW816329,0+110
HW817320,0+110
HW817321,110
HW817322,110
HW817323,0+110
HW817324,0+110
HW817325,0
HW817326,0
HW817327,0
HW817328,0
HW817329,0
HW818320,0+110
HW818321,0+110
HW818322,110
HW818323,0+110
HW818324,0
HW818325,0
HW818326,0
HW818327,0
HW818328,0
HW818329,0
HW819320,0
HW819321,0+110
HW819322,0+110
HW819323,0+110
HW819324,0
HW819325,0
HW819326,0
HW819327,0
HW819328,0
HW819329,0
HW8133,0+110
HW810330,0
HW810331,0
HW810332,0
HW810333,0
HW810334,0
HW810335,0
HW810336,0
HW810337,0
HW810338,0
HW810339,0
HW811330,0
HW811331,0
HW811332,0+110
HW811333,0+110
HW811334,0+110
HW811335,0
HW811336,0+110
HW811337,0+110
HW811338,0
HW811339,0
HW812330,0+110
HW812331,0+110
HW812332,0+110
HW812333,0+110
HW812334,0+110
HW812335,0+110
HW812336,0+110
HW812337,0+110
HW812338,0+110
HW812339,0
HW813330,0+110
HW813331,0+110
HW813332,110
HW813333,110
HW813334,110
HW813335,0+110
HW813336,0+110
HW813337,0
HW813338,0
HW813339,0
HW814330,110
HW814331,110
HW814332,110
HW814333,110
HW814334,0+110
HW814335,0+110
HW814336,0+110
HW814337,0
HW814338,0
HW814339,0
HW815330,0+110
HW815331,0+110
HW815332,0+110
HW815333,0+110
HW815334,0+110
HW815335,0
HW815336,0
HW815337,0
HW815338,0
HW815339,0
HW816330,0
HW816331,0
HW816332,0+110
HW816333,0
HW816334,0
HW816335,0
HW816336,0
HW816337,0
HW816338,0
HW816339,0
HW817330,0
HW817331,0
HW817332,0
HW817333,0
HW817334,0
HW817335,0
HW817336,0
HW817337,0
HW817338,0
HW817339,0
HW818330,0
HW818331,0
HW818332,0
HW818333,0
HW818334,0
HW818335,0
HW818336,0
HW818337,0
HW818338,0
HW818339,0
HW819330,0
HW819331,0
HW819332,0
HW819333,0
HW819334,0
HW819335,0
HW819336,0
HW819337,0
HW819338,0
HW819339,0
HW83C,0
HW83D,0
HW83E,0
HW83F,0
HW83G,0
HW83H,0
HW83I,0
HW83J,0
HW83K,0
HW83L,0
HW83M,0
HW83N,0
HW83P,0
HW83Q,0
HW83R,0
HW83S,0
HW83T,0
HW83U,0
HW83V,0
HW83W,0
HW83X,0
HW83Y,0
HW83Z,0
HW84,0
HW85,0
HW86,0
HW87,0
HW88,0
HW89,0
HW90,0
HW91,0
HW92,0
HW93,0
HW94,0
HW95,0
HW96,0
HW97,0
HW98,0
HW99,0
