HX,0+110
HX00,0
HX01,0
HX02,0
HX03,0
HX04,0
HX05,0
HX06,0
HX07,0
HX08,0
HX09,0
HX10,0
HX11,0
HX12,0
HX13,0
HX14,0
HX15,0
HX16,0
HX17,0
HX18,0
HX19,0
HX20,0
HX21,0
HX22,0
HX23,0
HX24,0
HX25,0
HX26,0
HX27,0
HX28,0
HX29,0
HX30,0
HX31,0
HX32,0
HX33,0
HX34,0
HX35,0
HX36,0
HX37,0
HX38,0
HX39,0
HX40,0
HX41,0
HX42,0
HX43,0
HX44,0
HX45,0
HX46,0
HX47,0
HX48,0
HX49,0
HX50,0
HX51,0+110
HX51SW,0
HX51NW,0
HX51SE,0
HX51NE,0+110
HX51A,0
HX51B,0
HX51C,0
HX51D,0
HX51E,0
HX51F,0
HX51G,0
HX51H,0
HX51I,0
HX51J,0
HX51K,0
HX51L,0
HX51M,0
HX51N,0
HX51P,0
HX51Q,0
HX51R,0
HX51S,0
HX51T,0+110
HX5616,0
HX5617,0+110
HX560170,0
HX560171,0
HX560172,0
HX560173,0
HX560174,0
HX560175,0
HX560176,0
HX560177,0
HX560178,0
HX560179,0
HX561170,0
HX561171,0
HX561172,0
HX561173,0
HX561174,0
HX561175,0
HX561176,0
HX561177,0+110
HX561178,0+110
HX561179,0+110
HX562170,0
HX562171,0
HX562172,0
HX562173,0
HX562174,0
HX562175,0
HX562176,0
HX562177,0+110
HX562178,0+110
HX562179,0+110
HX563170,0
HX563171,0
HX563172,0
HX563173,0
HX563174,0
HX563175,0
HX563176,0
HX563177,0
HX563178,0
HX563179,0
HX564170,0
HX564171,0
HX564172,0
HX564173,0
HX564174,0
HX564175,0
HX564176,0
HX564177,0
HX564178,0
HX564179,0
HX565170,0
HX565171,0
HX565172,0
HX565173,0
HX565174,0
HX565175,0
HX565176,0
HX565177,0
HX565178,0
HX565179,0
HX566170,0
HX566171,0
HX566172,0
HX566173,0
HX566174,0
HX566175,0
HX566176,0
HX566177,0
HX566178,0
HX566179,0
HX567170,0
HX567171,0
HX567172,0
HX567173,0
HX567174,0
HX567175,0
HX567176,0
HX567177,0
HX567178,0
HX567179,0
HX568170,0
HX568171,0
HX568172,0
HX568173,0
HX568174,0
HX568175,0
HX568176,0
HX568177,0
HX568178,0
HX568179,0
HX569170,0
HX569171,0
HX569172,0
HX569173,0
HX569174,0
HX569175,0
HX569176,0
HX569177,0
HX569178,0
HX569179,0
HX5716,0
HX5717,0
HX51U,0+110
HX5618,0+110
HX560180,0
HX560181,0
HX560182,0
HX560183,0
HX560184,0
HX560185,0
HX560186,0
HX560187,0
HX560188,0
HX560189,0
HX561180,0+110
HX561181,0
HX561182,0
HX561183,0
HX561184,0
HX561185,0
HX561186,0
HX561187,0
HX561188,0
HX561189,0
HX562180,0+110
HX562181,0
HX562182,0
HX562183,0
HX562184,0
HX562185,0
HX562186,0
HX562187,0
HX562188,0
HX562189,0
HX563180,0
HX563181,0
HX563182,0
HX563183,0
HX563184,0
HX563185,0
HX563186,0
HX563187,0
HX563188,0
HX563189,0
HX564180,0
HX564181,0
HX564182,0
HX564183,0
HX564184,0
HX564185,0
HX564186,0
HX564187,0
HX564188,0
HX564189,0
HX565180,0
HX565181,0
HX565182,0
HX565183,0
HX565184,0
HX565185,0
HX565186,0
HX565187,0
HX565188,0
HX565189,0
HX566180,0
HX566181,0
HX566182,0
HX566183,0
HX566184,0
HX566185,0
HX566186,0
HX566187,0
HX566188,0
HX566189,0
HX567180,0
HX567181,0
HX567182,0
HX567183,0
HX567184,0
HX567185,0
HX567186,0
HX567187,0
HX567188,0
HX567189,0
HX568180,0
HX568181,0
HX568182,0
HX568183,0
HX568184,0
HX568185,0
HX568186,0
HX568187,0
HX568188,0
HX568189,0
HX569180,0
HX569181,0
HX569182,0
HX569183,0
HX569184,0
HX569185,0
HX569186,0
HX569187,0
HX569188,0
HX569189,0
HX5619,0
HX5718,0
HX5719,0
HX51V,0
HX51W,0
HX51X,0
HX51Y,0
HX51Z,0
HX52,0
HX53,0
HX54,0
HX55,0
HX56,0
HX57,0
HX58,0
HX59,0
HX60,0
HX61,0
HX62,0+110
HX62SW,0+110
HX62NW,0
HX62SE,0
HX62NE,0
HX62A,0
HX62B,0
HX62C,0+110
HX6024,0
HX6025,0
HX6124,0+110
HX610240,0
HX610241,0
HX610242,0
HX610243,0
HX610244,0
HX610245,0
HX610246,0
HX610247,0
HX610248,0
HX610249,0
HX611240,0
HX611241,0
HX611242,0
HX611243,0
HX611244,0
HX611245,0
HX611246,0
HX611247,0
HX611248,0
HX611249,0
HX612240,0
HX612241,0
HX612242,0
HX612243,0
HX612244,0
HX612245,0
HX612246,0
HX612247,0
HX612248,0
HX612249,0
HX613240,0
HX613241,0
HX613242,0
HX613243,0
HX613244,0
HX613245,0
HX613246,0
HX613247,0
HX613248,0
HX613249,0
HX614240,0
HX614241,0
HX614242,0
HX614243,0
HX614244,0
HX614245,0
HX614246,0
HX614247,0
HX614248,0
HX614249,0
HX615240,0
HX615241,0
HX615242,0
HX615243,0
HX615244,0
HX615245,0
HX615246,0
HX615247,0
HX615248,0
HX615249,0
HX616240,0
HX616241,0
HX616242,0
HX616243,0
HX616244,0
HX616245,0
HX616246,0
HX616247,0
HX616248,0
HX616249,0
HX617240,0
HX617241,0
HX617242,0+110
HX617243,0
HX617244,0
HX617245,0
HX617246,0
HX617247,0
HX617248,0
HX617249,0
HX618240,0
HX618241,0+110
HX618242,0+110
HX618243,0
HX618244,0
HX618245,0
HX618246,0
HX618247,0
HX618248,0
HX618249,0
HX619240,0
HX619241,0+110
HX619242,0+110
HX619243,0+110
HX619244,0+110
HX619245,0+110
HX619246,0+110
HX619247,0
HX619248,0
HX619249,0
HX6125,0
HX62D,0
HX62E,0
HX62F,0
HX62G,0
HX62H,0+110
HX6224,0+110
HX620240,0
HX620241,0+110
HX620242,0+110
HX620243,110
HX620244,0+110
HX620245,0+110
HX620246,0+110
HX620247,0
HX620248,0
HX620249,0
HX621240,0
HX621241,0+110
HX621242,0+110
HX621243,0+110
HX621244,110
HX621245,110
HX621246,0+110
HX621247,0+110
HX621248,0
HX621249,0
HX622240,0
HX622241,0
HX622242,0
HX622243,0+110
HX622244,110
HX622245,110
HX622246,0+110
HX622247,0+110
HX622248,0
HX622249,0
HX623240,0
HX623241,0
HX623242,0
HX623243,0+110
HX623244,0+110
HX623245,0+110
HX623246,0+110
HX623247,0+110
HX623248,0
HX623249,0
HX624240,0
HX624241,0
HX624242,0
HX624243,0
HX624244,0
HX624245,0
HX624246,0+110
HX624247,0+110
HX624248,0
HX624249,0
HX625240,0
HX625241,0
HX625242,0
HX625243,0
HX625244,0
HX625245,0
HX625246,0
HX625247,0
HX625248,0
HX625249,0
HX626240,0
HX626241,0
HX626242,0
HX626243,0
HX626244,0
HX626245,0
HX626246,0
HX626247,0
HX626248,0
HX626249,0
HX627240,0
HX627241,0
HX627242,0
HX627243,0
HX627244,0
HX627245,0
HX627246,0
HX627247,0
HX627248,0
HX627249,0
HX628240,0
HX628241,0
HX628242,0
HX628243,0
HX628244,0
HX628245,0
HX628246,0
HX628247,0
HX628248,0
HX628249,0
HX629240,0
HX629241,0
HX629242,0
HX629243,0
HX629244,0
HX629245,0
HX629246,0
HX629247,0
HX629248,0
HX629249,0
HX6225,0
HX6324,0
HX6325,0
HX62I,0
HX62J,0
HX62K,0
HX62L,0
HX62M,0
HX62N,0
HX62P,0
HX62Q,0
HX62R,0
HX62S,0
HX62T,0
HX62U,0
HX62V,0
HX62W,0
HX62X,0
HX62Y,0
HX62Z,0
HX63,0
HX64,0
HX65,0
HX66,0
HX67,0
HX68,0
HX69,0
HX70,0
HX71,0
HX72,0
HX73,0
HX74,0
HX75,0
HX76,0
HX77,0
HX78,0
HX79,0
HX80,0
HX81,0
HX82,0
HX83,0
HX84,0
HX85,0
HX86,0
HX87,0
HX88,0
HX89,0
HX90,0
HX91,0
HX92,0
HX93,0
HX94,0
HX95,0
HX96,0
HX97,0
HX98,0
HX99,0
