HZ,0+112
HZ00,0
HZ01,0
HZ02,0
HZ03,0
HZ04,0
HZ05,0
HZ06,0
HZ07,0
HZ08,0
HZ09,0
HZ10,0
HZ11,0
HZ12,0
HZ13,0
HZ14,0
HZ15,0
HZ16,0+112
HZ16SW,0
HZ16NW,0
HZ16SE,0
HZ16NE,0+112
HZ16A,0
HZ16B,0
HZ16C,0
HZ16D,0
HZ16E,0
HZ16F,0
HZ16G,0
HZ16H,0
HZ16I,0
HZ16J,0
HZ16K,0
HZ16L,0
HZ16M,0
HZ16N,0
HZ16P,0
HZ16Q,0
HZ16R,0
HZ16S,0
HZ16T,0
HZ16U,0
HZ16V,0
HZ16W,0
HZ16X,0
HZ16Y,0
HZ16Z,0+112
HZ1868,0
HZ1869,0
HZ1968,0
HZ1969,0+112
HZ190690,0
HZ190691,0
HZ190692,0
HZ190693,0
HZ190694,0
HZ190695,0
HZ190696,0
HZ190697,0
HZ190698,0
HZ190699,0
HZ191690,0
HZ191691,0
HZ191692,0
HZ191693,0
HZ191694,0
HZ191695,0
HZ191696,0
HZ191697,0
HZ191698,0
HZ191699,0
HZ192690,0
HZ192691,0
HZ192692,0
HZ192693,0
HZ192694,0
HZ192695,0
HZ192696,0
HZ192697,0
HZ192698,0
HZ192699,0
HZ193690,0
HZ193691,0
HZ193692,0
HZ193693,0
HZ193694,0
HZ193695,0
HZ193696,0
HZ193697,0
HZ193698,0
HZ193699,0
HZ194690,0
HZ194691,0
HZ194692,0
HZ194693,0
HZ194694,0
HZ194695,0
HZ194696,0
HZ194697,0
HZ194698,0
HZ194699,0
HZ195690,0
HZ195691,0
HZ195692,0
HZ195693,0
HZ195694,0
HZ195695,0
HZ195696,0+112
HZ195697,0+112
HZ195698,0
HZ195699,0
HZ196690,0
HZ196691,0
HZ196692,0
HZ196693,0
HZ196694,0
HZ196695,0
HZ196696,0+112
HZ196697,0+112
HZ196698,0+112
HZ196699,0+112
HZ197690,0
HZ197691,0+112
HZ197692,0
HZ197693,0
HZ197694,0
HZ197695,0+112
HZ197696,0+112
HZ197697,112
HZ197698,112
HZ197699,0+112
HZ198690,0+112
HZ198691,0+112
HZ198692,0
HZ198693,0
HZ198694,0
HZ198695,0+112
HZ198696,0+112
HZ198697,0+112
HZ198698,112
HZ198699,112
HZ199690,0
HZ199691,0+112
HZ199692,0
HZ199693,0
HZ199694,0
HZ199695,0+112
HZ199696,0+112
HZ199697,0+112
HZ199698,112
HZ199699,112
HZ17,0+112
HZ17SW,0
HZ17NW,0
HZ17SE,0+112
HZ17NE,0
HZ17A,0
HZ17B,0
HZ17C,0
HZ17D,0
HZ17E,0
HZ17F,0
HZ17G,0
HZ17H,0
HZ17I,0
HZ17J,0
HZ17K,0
HZ17L,0
HZ17M,0
HZ17N,0
HZ17P,0
HZ17Q,0
HZ17R,0
HZ17S,0
HZ17T,0
HZ17U,0
HZ17V,0+112
HZ1870,0
HZ1871,0
HZ1970,0+112
HZ190700,0
HZ190701,0
HZ190702,0
HZ190703,0
HZ190704,0
HZ190705,0
HZ190706,0
HZ190707,0
HZ190708,0
HZ190709,0
HZ191700,0
HZ191701,0
HZ191702,0
HZ191703,0
HZ191704,0
HZ191705,0
HZ191706,0
HZ191707,0
HZ191708,0
HZ191709,0
HZ192700,0
HZ192701,0
HZ192702,0
HZ192703,0
HZ192704,0
HZ192705,0
HZ192706,0
HZ192707,0
HZ192708,0
HZ192709,0
HZ193700,0
HZ193701,0+112
HZ193702,0+112
HZ193703,0
HZ193704,0
HZ193705,0
HZ193706,0+112
HZ193707,0+112
HZ193708,0
HZ193709,0
HZ194700,0
HZ194701,0+112
HZ194702,0+112
HZ194703,0+112
HZ194704,0+112
HZ194705,0+112
HZ194706,0+112
HZ194707,0+112
HZ194708,0+112
HZ194709,0+112
HZ195700,0
HZ195701,0+112
HZ195702,0+112
HZ195703,0+112
HZ195704,0+112
HZ195705,0+112
HZ195706,112
HZ195707,112
HZ195708,0+112
HZ195709,0+112
HZ196700,0+112
HZ196701,0+112
HZ196702,112
HZ196703,0+112
HZ196704,112
HZ196705,112
HZ196706,112
HZ196707,0+112
HZ196708,0+112
HZ196709,0+112
HZ197700,0+112
HZ197701,0+112
HZ197702,0+112
HZ197703,112
HZ197704,112
HZ197705,112
HZ197706,112
HZ197707,0+112
HZ197708,0
HZ197709,0
HZ198700,112
HZ198701,0+112
HZ198702,0+112
HZ198703,112
HZ198704,112
HZ198705,112
HZ198706,0+112
HZ198707,0+112
HZ198708,0
HZ198709,0
HZ199700,112
HZ199701,112
HZ199702,112
HZ199703,112
HZ199704,112
HZ199705,112
HZ199706,0+112
HZ199707,0+112
HZ199708,0+112
HZ199709,0+112
HZ1971,0+112
HZ190710,0
HZ190711,0
HZ190712,0
HZ190713,0
HZ190714,0
HZ190715,0
HZ190716,0
HZ190717,0
HZ190718,0
HZ190719,0
HZ191710,0
HZ191711,0
HZ191712,0
HZ191713,0
HZ191714,0
HZ191715,0
HZ191716,0
HZ191717,0
HZ191718,0
HZ191719,0
HZ192710,0
HZ192711,0
HZ192712,0
HZ192713,0
HZ192714,0
HZ192715,0
HZ192716,0
HZ192717,0
HZ192718,0
HZ192719,0
HZ193710,0
HZ193711,0
HZ193712,0
HZ193713,0
HZ193714,0
HZ193715,0
HZ193716,0
HZ193717,0
HZ193718,0
HZ193719,0
HZ194710,0
HZ194711,0
HZ194712,0
HZ194713,0
HZ194714,0
HZ194715,0
HZ194716,0
HZ194717,0
HZ194718,0
HZ194719,0
HZ195710,0
HZ195711,0
HZ195712,0
HZ195713,0
HZ195714,0
HZ195715,0
HZ195716,0
HZ195717,0
HZ195718,0
HZ195719,0
HZ196710,0
HZ196711,0
HZ196712,0
HZ196713,0
HZ196714,0
HZ196715,0
HZ196716,0
HZ196717,0
HZ196718,0
HZ196719,0
HZ197710,0
HZ197711,0
HZ197712,0
HZ197713,0
HZ197714,0
HZ197715,0
HZ197716,0
HZ197717,0+112
HZ197718,0+112
HZ197719,0
HZ198710,0+112
HZ198711,0+112
HZ198712,0
HZ198713,0+112
HZ198714,0+112
HZ198715,0
HZ198716,0+112
HZ198717,0+112
HZ198718,0+112
HZ198719,0+112
HZ199710,0+112
HZ199711,0
HZ199712,0
HZ199713,0+112
HZ199714,0+112
HZ199715,0+112
HZ199716,0+112
HZ199717,0+112
HZ199718,0+112
HZ199719,0+112
HZ17W,0+112
HZ1872,0
HZ1873,0
HZ1972,0+112
HZ190720,0
HZ190721,0
HZ190722,0
HZ190723,0
HZ190724,0
HZ190725,0
HZ190726,0
HZ190727,0
HZ190728,0
HZ190729,0
HZ191720,0
HZ191721,0
HZ191722,0
HZ191723,0
HZ191724,0
HZ191725,0
HZ191726,0
HZ191727,0
HZ191728,0
HZ191729,0
HZ192720,0
HZ192721,0
HZ192722,0
HZ192723,0
HZ192724,0
HZ192725,0
HZ192726,0
HZ192727,0
HZ192728,0
HZ192729,0
HZ193720,0
HZ193721,0
HZ193722,0
HZ193723,0
HZ193724,0
HZ193725,0
HZ193726,0
HZ193727,0
HZ193728,0
HZ193729,0
HZ194720,0
HZ194721,0
HZ194722,0
HZ194723,0
HZ194724,0
HZ194725,0
HZ194726,0
HZ194727,0
HZ194728,0
HZ194729,0
HZ195720,0
HZ195721,0
HZ195722,0
HZ195723,0
HZ195724,0
HZ195725,0
HZ195726,0
HZ195727,0
HZ195728,0
HZ195729,0
HZ196720,0
HZ196721,0
HZ196722,0
HZ196723,0
HZ196724,0
HZ196725,0
HZ196726,0
HZ196727,0
HZ196728,0
HZ196729,0
HZ197720,0+112
HZ197721,0
HZ197722,0
HZ197723,0
HZ197724,0
HZ197725,0
HZ197726,0
HZ197727,0
HZ197728,0
HZ197729,0
HZ198720,0+112
HZ198721,0
HZ198722,0
HZ198723,0
HZ198724,0
HZ198725,0
HZ198726,0
HZ198727,0
HZ198728,0
HZ198729,0
HZ199720,0+112
HZ199721,0
HZ199722,0
HZ199723,0
HZ199724,0
HZ199725,0
HZ199726,0
HZ199727,0
HZ199728,0
HZ199729,0
HZ1973,0
HZ17X,0
HZ17Y,0
HZ17Z,0
HZ18,0
HZ19,0
HZ20,0
HZ21,0
HZ22,0
HZ23,0
HZ24,0
HZ25,0
HZ26,0+112
HZ26SW,0
HZ26NW,0+112
HZ26SE,0
HZ26NE,0
HZ26A,0
HZ26B,0
HZ26C,0
HZ26D,0
HZ26E,0+112
HZ2068,0
HZ2069,0+112
HZ200690,0
HZ200691,0
HZ200692,0
HZ200693,0+112
HZ200694,0+112
HZ200695,0
HZ200696,0+112
HZ200697,0+112
HZ200698,0+112
HZ200699,112
HZ201690,0
HZ201691,0
HZ201692,0
HZ201693,0+112
HZ201694,0+112
HZ201695,0
HZ201696,0
HZ201697,0+112
HZ201698,0+112
HZ201699,0+112
HZ202690,0
HZ202691,0
HZ202692,0
HZ202693,0
HZ202694,0
HZ202695,0
HZ202696,0
HZ202697,0
HZ202698,0+112
HZ202699,0+112
HZ203690,0
HZ203691,0
HZ203692,0
HZ203693,0
HZ203694,0
HZ203695,0
HZ203696,0+112
HZ203697,0+112
HZ203698,0+112
HZ203699,0+112
HZ204690,0
HZ204691,0
HZ204692,0
HZ204693,0
HZ204694,0
HZ204695,0+112
HZ204696,0+112
HZ204697,0+112
HZ204698,112
HZ204699,112
HZ205690,0
HZ205691,0
HZ205692,0
HZ205693,0
HZ205694,0
HZ205695,0+112
HZ205696,0+112
HZ205697,112
HZ205698,112
HZ205699,112
HZ206690,0
HZ206691,0
HZ206692,0
HZ206693,0
HZ206694,0
HZ206695,0+112
HZ206696,0+112
HZ206697,112
HZ206698,112
HZ206699,112
HZ207690,0
HZ207691,0
HZ207692,0
HZ207693,0
HZ207694,0
HZ207695,0+112
HZ207696,0+112
HZ207697,0+112
HZ207698,112
HZ207699,112
HZ208690,0
HZ208691,0
HZ208692,0
HZ208693,0
HZ208694,0
HZ208695,0
HZ208696,0+112
HZ208697,0+112
HZ208698,0+112
HZ208699,112
HZ209690,0
HZ209691,0
HZ209692,0
HZ209693,0
HZ209694,0
HZ209695,0+112
HZ209696,0+112
HZ209697,0+112
HZ209698,0+112
HZ209699,112
HZ2168,0
HZ2169,0+112
HZ210690,0
HZ210691,0
HZ210692,0
HZ210693,0
HZ210694,0
HZ210695,0
HZ210696,0
HZ210697,0
HZ210698,0+112
HZ210699,0+112
HZ211690,0
HZ211691,0
HZ211692,0
HZ211693,0
HZ211694,0
HZ211695,0
HZ211696,0
HZ211697,0
HZ211698,0+112
HZ211699,0+112
HZ212690,0
HZ212691,0
HZ212692,0
HZ212693,0
HZ212694,0
HZ212695,0
HZ212696,0
HZ212697,0
HZ212698,0
HZ212699,0+112
HZ213690,0
HZ213691,0
HZ213692,0
HZ213693,0
HZ213694,0
HZ213695,0
HZ213696,0
HZ213697,0
HZ213698,0
HZ213699,0+112
HZ214690,0
HZ214691,0
HZ214692,0
HZ214693,0
HZ214694,0
HZ214695,0
HZ214696,0
HZ214697,0
HZ214698,0
HZ214699,0
HZ215690,0
HZ215691,0
HZ215692,0
HZ215693,0
HZ215694,0
HZ215695,0
HZ215696,0
HZ215697,0
HZ215698,0
HZ215699,0
HZ216690,0
HZ216691,0
HZ216692,0
HZ216693,0
HZ216694,0
HZ216695,0
HZ216696,0
HZ216697,0
HZ216698,0
HZ216699,0
HZ217690,0
HZ217691,0
HZ217692,0
HZ217693,0
HZ217694,0
HZ217695,0
HZ217696,0
HZ217697,0
HZ217698,0
HZ217699,0
HZ218690,0
HZ218691,0
HZ218692,0
HZ218693,0
HZ218694,0
HZ218695,0
HZ218696,0
HZ218697,0
HZ218698,0
HZ218699,0
HZ219690,0
HZ219691,0
HZ219692,0
HZ219693,0
HZ219694,0
HZ219695,0
HZ219696,0
HZ219697,0
HZ219698,0
HZ219699,0
HZ26F,0
HZ26G,0
HZ26H,0
HZ26I,0
HZ26J,0
HZ26K,0
HZ26L,0
HZ26M,0
HZ26N,0
HZ26P,0
HZ26Q,0
HZ26R,0
HZ26S,0
HZ26T,0
HZ26U,0
HZ26V,0
HZ26W,0
HZ26X,0
HZ26Y,0
HZ26Z,0
HZ27,0+112
HZ27SW,0+112
HZ27NW,0
HZ27SE,0
HZ27NE,0
HZ27A,0+112
HZ2070,0+112
HZ200700,112
HZ200701,112
HZ200702,112
HZ200703,112
HZ200704,112
HZ200705,112
HZ200706,112
HZ200707,112
HZ200708,112
HZ200709,0+112
HZ201700,112
HZ201701,112
HZ201702,112
HZ201703,112
HZ201704,112
HZ201705,112
HZ201706,112
HZ201707,112
HZ201708,112
HZ201709,112
HZ202700,112
HZ202701,112
HZ202702,112
HZ202703,112
HZ202704,112
HZ202705,112
HZ202706,112
HZ202707,112
HZ202708,112
HZ202709,112
HZ203700,112
HZ203701,112
HZ203702,112
HZ203703,112
HZ203704,112
HZ203705,112
HZ203706,112
HZ203707,112
HZ203708,112
HZ203709,112
HZ204700,112
HZ204701,112
HZ204702,112
HZ204703,112
HZ204704,112
HZ204705,112
HZ204706,112
HZ204707,112
HZ204708,112
HZ204709,112
HZ205700,112
HZ205701,112
HZ205702,112
HZ205703,112
HZ205704,112
HZ205705,112
HZ205706,112
HZ205707,112
HZ205708,112
HZ205709,112
HZ206700,112
HZ206701,112
HZ206702,112
HZ206703,112
HZ206704,112
HZ206705,112
HZ206706,112
HZ206707,112
HZ206708,112
HZ206709,112
HZ207700,112
HZ207701,112
HZ207702,112
HZ207703,112
HZ207704,112
HZ207705,112
HZ207706,112
HZ207707,112
HZ207708,112
HZ207709,112
HZ208700,112
HZ208701,112
HZ208702,112
HZ208703,112
HZ208704,112
HZ208705,112
HZ208706,112
HZ208707,112
HZ208708,112
HZ208709,112
HZ209700,112
HZ209701,0+112
HZ209702,0+112
HZ209703,112
HZ209704,112
HZ209705,112
HZ209706,112
HZ209707,112
HZ209708,112
HZ209709,112
HZ2071,0+112
HZ200710,0+112
HZ200711,0+112
HZ200712,0
HZ200713,0+112
HZ200714,0+112
HZ200715,0+112
HZ200716,0+112
HZ200717,112
HZ200718,0+112
HZ200719,0+112
HZ201710,0+112
HZ201711,0
HZ201712,0+112
HZ201713,0+112
HZ201714,112
HZ201715,112
HZ201716,112
HZ201717,112
HZ201718,112
HZ201719,0+112
HZ202710,0+112
HZ202711,0+112
HZ202712,0+112
HZ202713,112
HZ202714,112
HZ202715,112
HZ202716,112
HZ202717,112
HZ202718,112
HZ202719,112
HZ203710,112
HZ203711,112
HZ203712,112
HZ203713,112
HZ203714,112
HZ203715,112
HZ203716,112
HZ203717,112
HZ203718,112
HZ203719,112
HZ204710,112
HZ204711,112
HZ204712,112
HZ204713,112
HZ204714,112
HZ204715,112
HZ204716,112
HZ204717,112
HZ204718,112
HZ204719,112
HZ205710,112
HZ205711,112
HZ205712,112
HZ205713,112
HZ205714,112
HZ205715,112
HZ205716,112
HZ205717,112
HZ205718,112
HZ205719,112
HZ206710,112
HZ206711,112
HZ206712,112
HZ206713,112
HZ206714,112
HZ206715,112
HZ206716,112
HZ206717,112
HZ206718,112
HZ206719,112
HZ207710,112
HZ207711,112
HZ207712,112
HZ207713,112
HZ207714,112
HZ207715,112
HZ207716,112
HZ207717,112
HZ207718,112
HZ207719,112
HZ208710,112
HZ208711,112
HZ208712,112
HZ208713,112
HZ208714,112
HZ208715,112
HZ208716,112
HZ208717,112
HZ208718,112
HZ208719,112
HZ209710,112
HZ209711,112
HZ209712,112
HZ209713,112
HZ209714,112
HZ209715,112
HZ209716,112
HZ209717,112
HZ209718,112
HZ209719,112
HZ2170,0+112
HZ210700,112
HZ210701,0+112
HZ210702,0+112
HZ210703,112
HZ210704,112
HZ210705,112
HZ210706,112
HZ210707,112
HZ210708,112
HZ210709,112
HZ211700,0+112
HZ211701,0+112
HZ211702,0+112
HZ211703,0+112
HZ211704,112
HZ211705,112
HZ211706,0+112
HZ211707,0+112
HZ211708,0+112
HZ211709,0+112
HZ212700,0+112
HZ212701,0
HZ212702,0
HZ212703,0+112
HZ212704,0+112
HZ212705,0+112
HZ212706,0+112
HZ212707,0+112
HZ212708,0+112
HZ212709,0+112
HZ213700,0
HZ213701,0
HZ213702,0
HZ213703,0
HZ213704,0+112
HZ213705,0+112
HZ213706,0
HZ213707,0
HZ213708,0
HZ213709,0+112
HZ214700,0
HZ214701,0
HZ214702,0
HZ214703,0
HZ214704,0
HZ214705,0
HZ214706,0
HZ214707,0
HZ214708,0
HZ214709,0
HZ215700,0
HZ215701,0
HZ215702,0
HZ215703,0
HZ215704,0
HZ215705,0
HZ215706,0
HZ215707,0
HZ215708,0
HZ215709,0
HZ216700,0
HZ216701,0
HZ216702,0
HZ216703,0
HZ216704,0
HZ216705,0
HZ216706,0
HZ216707,0
HZ216708,0
HZ216709,0
HZ217700,0
HZ217701,0
HZ217702,0
HZ217703,0
HZ217704,0
HZ217705,0
HZ217706,0
HZ217707,0
HZ217708,0
HZ217709,0
HZ218700,0
HZ218701,0
HZ218702,0
HZ218703,0
HZ218704,0
HZ218705,0
HZ218706,0
HZ218707,0
HZ218708,0
HZ218709,0+112
HZ219700,0
HZ219701,0
HZ219702,0
HZ219703,0
HZ219704,0
HZ219705,0
HZ219706,0
HZ219707,0
HZ219708,0
HZ219709,0+112
HZ2171,0+112
HZ210710,112
HZ210711,112
HZ210712,112
HZ210713,112
HZ210714,112
HZ210715,112
HZ210716,112
HZ210717,112
HZ210718,112
HZ210719,112
HZ211710,0+112
HZ211711,0+112
HZ211712,112
HZ211713,112
HZ211714,112
HZ211715,112
HZ211716,112
HZ211717,112
HZ211718,112
HZ211719,112
HZ212710,0+112
HZ212711,0+112
HZ212712,0+112
HZ212713,112
HZ212714,112
HZ212715,112
HZ212716,112
HZ212717,112
HZ212718,112
HZ212719,112
HZ213710,0
HZ213711,0+112
HZ213712,0+112
HZ213713,112
HZ213714,112
HZ213715,112
HZ213716,112
HZ213717,112
HZ213718,112
HZ213719,112
HZ214710,0+112
HZ214711,0+112
HZ214712,112
HZ214713,112
HZ214714,112
HZ214715,112
HZ214716,112
HZ214717,112
HZ214718,112
HZ214719,112
HZ215710,0+112
HZ215711,0+112
HZ215712,0+112
HZ215713,112
HZ215714,112
HZ215715,112
HZ215716,112
HZ215717,112
HZ215718,112
HZ215719,112
HZ216710,0+112
HZ216711,0+112
HZ216712,112
HZ216713,112
HZ216714,112
HZ216715,112
HZ216716,112
HZ216717,112
HZ216718,112
HZ216719,112
HZ217710,0+112
HZ217711,0+112
HZ217712,112
HZ217713,112
HZ217714,112
HZ217715,112
HZ217716,112
HZ217717,112
HZ217718,112
HZ217719,112
HZ218710,0+112
HZ218711,0+112
HZ218712,112
HZ218713,112
HZ218714,112
HZ218715,112
HZ218716,112
HZ218717,112
HZ218718,0+112
HZ218719,0+112
HZ219710,0+112
HZ219711,0+112
HZ219712,0+112
HZ219713,112
HZ219714,112
HZ219715,112
HZ219716,112
HZ219717,0+112
HZ219718,0+112
HZ219719,0+112
HZ27B,0+112
HZ2072,0+112
HZ200720,0+112
HZ200721,0+112
HZ200722,0
HZ200723,0
HZ200724,0+112
HZ200725,0+112
HZ200726,0
HZ200727,0+112
HZ200728,0+112
HZ200729,0
HZ201720,0+112
HZ201721,0+112
HZ201722,0+112
HZ201723,0+112
HZ201724,0+112
HZ201725,0+112
HZ201726,0+112
HZ201727,0+112
HZ201728,0+112
HZ201729,0+112
HZ202720,0+112
HZ202721,0+112
HZ202722,112
HZ202723,0+112
HZ202724,0+112
HZ202725,0+112
HZ202726,0+112
HZ202727,0+112
HZ202728,0+112
HZ202729,0+112
HZ203720,112
HZ203721,112
HZ203722,0+112
HZ203723,0+112
HZ203724,112
HZ203725,0+112
HZ203726,0+112
HZ203727,0+112
HZ203728,0+112
HZ203729,0+112
HZ204720,112
HZ204721,112
HZ204722,112
HZ204723,112
HZ204724,112
HZ204725,112
HZ204726,112
HZ204727,112
HZ204728,112
HZ204729,112
HZ205720,112
HZ205721,112
HZ205722,112
HZ205723,112
HZ205724,112
HZ205725,112
HZ205726,112
HZ205727,112
HZ205728,112
HZ205729,112
HZ206720,112
HZ206721,112
HZ206722,112
HZ206723,112
HZ206724,112
HZ206725,112
HZ206726,112
HZ206727,112
HZ206728,112
HZ206729,112
HZ207720,112
HZ207721,112
HZ207722,112
HZ207723,112
HZ207724,112
HZ207725,112
HZ207726,112
HZ207727,112
HZ207728,112
HZ207729,112
HZ208720,112
HZ208721,112
HZ208722,112
HZ208723,112
HZ208724,112
HZ208725,112
HZ208726,112
HZ208727,112
HZ208728,112
HZ208729,112
HZ209720,112
HZ209721,112
HZ209722,112
HZ209723,112
HZ209724,112
HZ209725,112
HZ209726,112
HZ209727,112
HZ209728,112
HZ209729,112
HZ2073,0+112
HZ200730,0
HZ200731,0
HZ200732,0
HZ200733,0
HZ200734,0
HZ200735,0
HZ200736,0
HZ200737,0
HZ200738,0
HZ200739,0
HZ201730,0+112
HZ201731,0
HZ201732,0
HZ201733,0
HZ201734,0
HZ201735,0
HZ201736,0
HZ201737,0
HZ201738,0
HZ201739,0
HZ202730,0+112
HZ202731,0+112
HZ202732,0+112
HZ202733,0
HZ202734,0
HZ202735,0
HZ202736,0
HZ202737,0
HZ202738,0
HZ202739,0
HZ203730,112
HZ203731,0+112
HZ203732,0+112
HZ203733,0
HZ203734,0
HZ203735,0
HZ203736,0
HZ203737,0
HZ203738,0
HZ203739,0
HZ204730,112
HZ204731,0+112
HZ204732,0+112
HZ204733,0
HZ204734,0+112
HZ204735,0+112
HZ204736,0+112
HZ204737,0+112
HZ204738,0+112
HZ204739,0+112
HZ205730,0+112
HZ205731,0+112
HZ205732,0+112
HZ205733,0+112
HZ205734,0+112
HZ205735,0+112
HZ205736,0+112
HZ205737,0+112
HZ205738,0+112
HZ205739,0+112
HZ206730,0+112
HZ206731,0+112
HZ206732,0+112
HZ206733,0+112
HZ206734,112
HZ206735,0+112
HZ206736,0+112
HZ206737,112
HZ206738,112
HZ206739,112
HZ207730,112
HZ207731,112
HZ207732,112
HZ207733,112
HZ207734,112
HZ207735,112
HZ207736,112
HZ207737,112
HZ207738,112
HZ207739,112
HZ208730,112
HZ208731,112
HZ208732,112
HZ208733,112
HZ208734,112
HZ208735,112
HZ208736,112
HZ208737,112
HZ208738,112
HZ208739,112
HZ209730,112
HZ209731,112
HZ209732,112
HZ209733,112
HZ209734,112
HZ209735,112
HZ209736,112
HZ209737,112
HZ209738,112
HZ209739,0+112
HZ2172,0+112
HZ210720,112
HZ210721,112
HZ210722,112
HZ210723,112
HZ210724,112
HZ210725,112
HZ210726,112
HZ210727,112
HZ210728,112
HZ210729,112
HZ211720,112
HZ211721,112
HZ211722,112
HZ211723,112
HZ211724,112
HZ211725,112
HZ211726,112
HZ211727,112
HZ211728,112
HZ211729,112
HZ212720,112
HZ212721,112
HZ212722,112
HZ212723,112
HZ212724,112
HZ212725,112
HZ212726,112
HZ212727,112
HZ212728,112
HZ212729,112
HZ213720,112
HZ213721,112
HZ213722,112
HZ213723,112
HZ213724,112
HZ213725,112
HZ213726,112
HZ213727,112
HZ213728,112
HZ213729,112
HZ214720,112
HZ214721,112
HZ214722,112
HZ214723,112
HZ214724,112
HZ214725,112
HZ214726,112
HZ214727,112
HZ214728,112
HZ214729,112
HZ215720,112
HZ215721,112
HZ215722,112
HZ215723,112
HZ215724,112
HZ215725,112
HZ215726,112
HZ215727,112
HZ215728,112
HZ215729,112
HZ216720,112
HZ216721,112
HZ216722,112
HZ216723,112
HZ216724,112
HZ216725,112
HZ216726,112
HZ216727,112
HZ216728,112
HZ216729,112
HZ217720,112
HZ217721,112
HZ217722,112
HZ217723,112
HZ217724,112
HZ217725,112
HZ217726,112
HZ217727,112
HZ217728,112
HZ217729,112
HZ218720,0+112
HZ218721,112
HZ218722,112
HZ218723,112
HZ218724,112
HZ218725,112
HZ218726,112
HZ218727,112
HZ218728,112
HZ218729,112
HZ219720,0+112
HZ219721,0+112
HZ219722,112
HZ219723,112
HZ219724,112
HZ219725,112
HZ219726,112
HZ219727,112
HZ219728,112
HZ219729,112
HZ2173,0+112
HZ210730,112
HZ210731,112
HZ210732,112
HZ210733,112
HZ210734,112
HZ210735,112
HZ210736,112
HZ210737,112
HZ210738,112
HZ210739,0+112
HZ211730,112
HZ211731,112
HZ211732,112
HZ211733,112
HZ211734,112
HZ211735,112
HZ211736,112
HZ211737,112
HZ211738,112
HZ211739,0+112
HZ212730,112
HZ212731,112
HZ212732,112
HZ212733,112
HZ212734,112
HZ212735,112
HZ212736,112
HZ212737,112
HZ212738,112
HZ212739,0+112
HZ213730,112
HZ213731,112
HZ213732,112
HZ213733,112
HZ213734,112
HZ213735,112
HZ213736,112
HZ213737,112
HZ213738,112
HZ213739,0+112
HZ214730,112
HZ214731,112
HZ214732,112
HZ214733,112
HZ214734,112
HZ214735,112
HZ214736,112
HZ214737,112
HZ214738,112
HZ214739,112
HZ215730,112
HZ215731,112
HZ215732,112
HZ215733,112
HZ215734,112
HZ215735,112
HZ215736,112
HZ215737,112
HZ215738,112
HZ215739,0+112
HZ216730,112
HZ216731,112
HZ216732,112
HZ216733,112
HZ216734,112
HZ216735,112
HZ216736,112
HZ216737,112
HZ216738,0+112
HZ216739,0+112
HZ217730,112
HZ217731,112
HZ217732,112
HZ217733,112
HZ217734,112
HZ217735,112
HZ217736,112
HZ217737,112
HZ217738,0+112
HZ217739,0+112
HZ218730,112
HZ218731,112
HZ218732,112
HZ218733,112
HZ218734,112
HZ218735,112
HZ218736,112
HZ218737,112
HZ218738,112
HZ218739,0+112
HZ219730,112
HZ219731,112
HZ219732,112
HZ219733,112
HZ219734,112
HZ219735,112
HZ219736,112
HZ219737,112
HZ219738,112
HZ219739,0+112
HZ27C,0+112
HZ2074,0+112
HZ200740,0
HZ200741,0
HZ200742,0
HZ200743,0
HZ200744,0
HZ200745,0
HZ200746,0
HZ200747,0
HZ200748,0
HZ200749,0
HZ201740,0
HZ201741,0
HZ201742,0
HZ201743,0
HZ201744,0
HZ201745,0
HZ201746,0
HZ201747,0
HZ201748,0
HZ201749,0
HZ202740,0
HZ202741,0
HZ202742,0
HZ202743,0
HZ202744,0
HZ202745,0
HZ202746,0
HZ202747,0
HZ202748,0
HZ202749,0
HZ203740,0
HZ203741,0
HZ203742,0
HZ203743,0
HZ203744,0
HZ203745,0
HZ203746,0
HZ203747,0
HZ203748,0
HZ203749,0
HZ204740,0+112
HZ204741,0+112
HZ204742,0
HZ204743,0
HZ204744,0
HZ204745,0
HZ204746,0
HZ204747,0
HZ204748,0
HZ204749,0
HZ205740,0+112
HZ205741,0+112
HZ205742,0
HZ205743,0
HZ205744,0
HZ205745,0
HZ205746,0
HZ205747,0
HZ205748,0
HZ205749,0
HZ206740,0+112
HZ206741,0
HZ206742,0
HZ206743,0
HZ206744,0
HZ206745,0
HZ206746,0
HZ206747,0
HZ206748,0
HZ206749,0
HZ207740,0+112
HZ207741,0
HZ207742,0
HZ207743,0
HZ207744,0
HZ207745,0
HZ207746,0
HZ207747,0
HZ207748,0
HZ207749,0
HZ208740,0+112
HZ208741,0
HZ208742,0+112
HZ208743,0+112
HZ208744,0
HZ208745,0
HZ208746,0
HZ208747,0
HZ208748,0
HZ208749,0
HZ209740,0+112
HZ209741,0+112
HZ209742,0+112
HZ209743,0+112
HZ209744,0
HZ209745,0
HZ209746,0
HZ209747,0
HZ209748,0
HZ209749,0
HZ2075,0
HZ2174,0+112
HZ210740,0+112
HZ210741,0+112
HZ210742,0+112
HZ210743,0+112
HZ210744,0
HZ210745,0
HZ210746,0
HZ210747,0
HZ210748,0
HZ210749,0
HZ211740,0+112
HZ211741,0
HZ211742,0
HZ211743,0
HZ211744,0
HZ211745,0
HZ211746,0
HZ211747,0
HZ211748,0
HZ211749,0
HZ212740,0
HZ212741,0
HZ212742,0
HZ212743,0
HZ212744,0
HZ212745,0
HZ212746,0
HZ212747,0
HZ212748,0
HZ212749,0
HZ213740,0+112
HZ213741,0
HZ213742,0
HZ213743,0
HZ213744,0
HZ213745,0
HZ213746,0
HZ213747,0
HZ213748,0
HZ213749,0
HZ214740,0+112
HZ214741,0
HZ214742,0
HZ214743,0
HZ214744,0
HZ214745,0
HZ214746,0
HZ214747,0
HZ214748,0
HZ214749,0
HZ215740,0+112
HZ215741,0
HZ215742,0
HZ215743,0
HZ215744,0
HZ215745,0
HZ215746,0
HZ215747,0
HZ215748,0
HZ215749,0
HZ216740,0+112
HZ216741,0
HZ216742,0
HZ216743,0
HZ216744,0
HZ216745,0
HZ216746,0
HZ216747,0
HZ216748,0
HZ216749,0
HZ217740,0+112
HZ217741,0
HZ217742,0
HZ217743,0
HZ217744,0
HZ217745,0
HZ217746,0
HZ217747,0
HZ217748,0
HZ217749,0
HZ218740,0+112
HZ218741,0
HZ218742,0
HZ218743,0
HZ218744,0
HZ218745,0
HZ218746,0
HZ218747,0
HZ218748,0
HZ218749,0
HZ219740,0+112
HZ219741,0+112
HZ219742,0+112
HZ219743,0
HZ219744,0
HZ219745,0
HZ219746,0
HZ219747,0
HZ219748,0
HZ219749,0
HZ2175,0
HZ27D,0
HZ27E,0
HZ27F,0+112
HZ2270,0+112
HZ220700,0
HZ220701,0
HZ220702,0
HZ220703,0
HZ220704,0
HZ220705,0
HZ220706,0
HZ220707,0
HZ220708,0+112
HZ220709,0+112
HZ221700,0
HZ221701,0
HZ221702,0
HZ221703,0
HZ221704,0
HZ221705,0
HZ221706,0
HZ221707,0
HZ221708,0+112
HZ221709,0+112
HZ222700,0
HZ222701,0
HZ222702,0
HZ222703,0
HZ222704,0
HZ222705,0
HZ222706,0
HZ222707,0
HZ222708,0+112
HZ222709,0+112
HZ223700,0
HZ223701,0
HZ223702,0
HZ223703,0
HZ223704,0
HZ223705,0
HZ223706,0
HZ223707,0
HZ223708,0
HZ223709,0
HZ224700,0
HZ224701,0
HZ224702,0
HZ224703,0
HZ224704,0
HZ224705,0
HZ224706,0
HZ224707,0
HZ224708,0
HZ224709,0
HZ225700,0
HZ225701,0
HZ225702,0
HZ225703,0
HZ225704,0
HZ225705,0
HZ225706,0
HZ225707,0
HZ225708,0
HZ225709,0
HZ226700,0
HZ226701,0
HZ226702,0
HZ226703,0
HZ226704,0
HZ226705,0
HZ226706,0
HZ226707,0
HZ226708,0
HZ226709,0
HZ227700,0
HZ227701,0
HZ227702,0
HZ227703,0
HZ227704,0
HZ227705,0
HZ227706,0
HZ227707,0
HZ227708,0
HZ227709,0
HZ228700,0
HZ228701,0
HZ228702,0
HZ228703,0
HZ228704,0
HZ228705,0
HZ228706,0
HZ228707,0
HZ228708,0
HZ228709,0
HZ229700,0
HZ229701,0
HZ229702,0
HZ229703,0
HZ229704,0
HZ229705,0
HZ229706,0
HZ229707,0
HZ229708,0
HZ229709,0
HZ2271,0+112
HZ220710,112
HZ220711,0+112
HZ220712,0+112
HZ220713,0+112
HZ220714,0+112
HZ220715,0+112
HZ220716,0+112
HZ220717,0+112
HZ220718,0
HZ220719,0
HZ221710,0+112
HZ221711,0+112
HZ221712,0
HZ221713,0+112
HZ221714,0+112
HZ221715,0+112
HZ221716,0+112
HZ221717,0+112
HZ221718,0
HZ221719,0
HZ222710,0+112
HZ222711,0+112
HZ222712,0
HZ222713,0
HZ222714,0+112
HZ222715,0+112
HZ222716,0+112
HZ222717,0
HZ222718,0
HZ222719,0
HZ223710,0
HZ223711,0
HZ223712,0
HZ223713,0
HZ223714,0
HZ223715,0
HZ223716,0
HZ223717,0
HZ223718,0
HZ223719,0
HZ224710,0
HZ224711,0
HZ224712,0
HZ224713,0
HZ224714,0
HZ224715,0
HZ224716,0
HZ224717,0
HZ224718,0
HZ224719,0
HZ225710,0
HZ225711,0
HZ225712,0
HZ225713,0
HZ225714,0
HZ225715,0
HZ225716,0
HZ225717,0
HZ225718,0
HZ225719,0+112
HZ226710,0
HZ226711,0
HZ226712,0
HZ226713,0
HZ226714,0
HZ226715,0
HZ226716,0
HZ226717,0
HZ226718,0+112
HZ226719,0+112
HZ227710,0
HZ227711,0
HZ227712,0
HZ227713,0
HZ227714,0
HZ227715,0
HZ227716,0
HZ227717,0
HZ227718,0
HZ227719,0+112
HZ228710,0
HZ228711,0
HZ228712,0
HZ228713,0
HZ228714,0
HZ228715,0
HZ228716,0
HZ228717,0
HZ228718,0
HZ228719,0
HZ229710,0
HZ229711,0
HZ229712,0
HZ229713,0
HZ229714,0
HZ229715,0
HZ229716,0
HZ229717,0
HZ229718,0
HZ229719,0
HZ2370,0
HZ2371,0
HZ27G,0+112
HZ2272,0+112
HZ220720,0
HZ220721,0+112
HZ220722,112
HZ220723,112
HZ220724,112
HZ220725,112
HZ220726,112
HZ220727,0+112
HZ220728,0+112
HZ220729,0+112
HZ221720,0+112
HZ221721,0+112
HZ221722,0+112
HZ221723,112
HZ221724,112
HZ221725,112
HZ221726,112
HZ221727,0+112
HZ221728,0
HZ221729,0
HZ222720,0+112
HZ222721,0+112
HZ222722,0+112
HZ222723,112
HZ222724,112
HZ222725,112
HZ222726,112
HZ222727,0+112
HZ222728,0
HZ222729,0
HZ223720,0
HZ223721,0
HZ223722,0+112
HZ223723,0+112
HZ223724,0+112
HZ223725,0+112
HZ223726,112
HZ223727,0+112
HZ223728,0+112
HZ223729,0
HZ224720,0
HZ224721,0
HZ224722,0
HZ224723,0+112
HZ224724,0+112
HZ224725,0+112
HZ224726,0+112
HZ224727,0+112
HZ224728,0+112
HZ224729,0
HZ225720,0+112
HZ225721,0+112
HZ225722,0+112
HZ225723,0+112
HZ225724,112
HZ225725,0+112
HZ225726,0+112
HZ225727,0+112
HZ225728,0
HZ225729,0
HZ226720,0+112
HZ226721,0+112
HZ226722,0+112
HZ226723,0+112
HZ226724,0+112
HZ226725,112
HZ226726,112
HZ226727,0+112
HZ226728,0+112
HZ226729,0
HZ227720,0+112
HZ227721,0+112
HZ227722,0+112
HZ227723,0+112
HZ227724,0+112
HZ227725,0+112
HZ227726,112
HZ227727,112
HZ227728,0+112
HZ227729,0+112
HZ228720,0
HZ228721,0
HZ228722,0
HZ228723,0
HZ228724,0
HZ228725,0+112
HZ228726,0+112
HZ228727,0+112
HZ228728,0+112
HZ228729,0
HZ229720,0
HZ229721,0
HZ229722,0
HZ229723,0
HZ229724,0
HZ229725,0
HZ229726,0
HZ229727,0
HZ229728,0
HZ229729,0
HZ2273,0+112
HZ220730,0+112
HZ220731,0+112
HZ220732,112
HZ220733,112
HZ220734,112
HZ220735,112
HZ220736,112
HZ220737,112
HZ220738,112
HZ220739,0+112
HZ221730,0
HZ221731,0+112
HZ221732,0+112
HZ221733,0+112
HZ221734,0+112
HZ221735,0+112
HZ221736,112
HZ221737,112
HZ221738,112
HZ221739,112
HZ222730,0
HZ222731,0
HZ222732,0+112
HZ222733,0+112
HZ222734,0+112
HZ222735,0+112
HZ222736,112
HZ222737,112
HZ222738,112
HZ222739,0+112
HZ223730,0
HZ223731,0
HZ223732,0
HZ223733,0
HZ223734,0
HZ223735,0+112
HZ223736,112
HZ223737,112
HZ223738,0+112
HZ223739,0+112
HZ224730,0
HZ224731,0
HZ224732,0
HZ224733,0
HZ224734,0
HZ224735,0+112
HZ224736,0+112
HZ224737,0+112
HZ224738,0+112
HZ224739,0
HZ225730,0
HZ225731,0
HZ225732,0
HZ225733,0
HZ225734,0
HZ225735,0
HZ225736,0+112
HZ225737,0+112
HZ225738,0+112
HZ225739,0
HZ226730,0
HZ226731,0
HZ226732,0
HZ226733,0
HZ226734,0
HZ226735,0
HZ226736,0
HZ226737,0
HZ226738,0
HZ226739,0
HZ227730,0
HZ227731,0
HZ227732,0
HZ227733,0
HZ227734,0
HZ227735,0
HZ227736,0
HZ227737,0
HZ227738,0
HZ227739,0
HZ228730,0
HZ228731,0
HZ228732,0
HZ228733,0
HZ228734,0
HZ228735,0
HZ228736,0
HZ228737,0
HZ228738,0
HZ228739,0
HZ229730,0
HZ229731,0
HZ229732,0
HZ229733,0
HZ229734,0
HZ229735,0
HZ229736,0
HZ229737,0
HZ229738,0
HZ229739,0
HZ2372,0
HZ2373,0
HZ27H,0+112
HZ2274,0+112
HZ220740,0+112
HZ220741,0+112
HZ220742,0+112
HZ220743,0
HZ220744,0
HZ220745,0
HZ220746,0
HZ220747,0
HZ220748,0
HZ220749,0
HZ221740,112
HZ221741,0+112
HZ221742,0+112
HZ221743,0+112
HZ221744,0
HZ221745,0
HZ221746,0
HZ221747,0
HZ221748,0
HZ221749,0
HZ222740,0+112
HZ222741,0+112
HZ222742,0+112
HZ222743,0
HZ222744,0
HZ222745,0
HZ222746,0
HZ222747,0
HZ222748,0
HZ222749,0
HZ223740,0+112
HZ223741,0+112
HZ223742,0+112
HZ223743,0
HZ223744,0
HZ223745,0
HZ223746,0
HZ223747,0
HZ223748,0
HZ223749,0
HZ224740,0
HZ224741,0
HZ224742,0
HZ224743,0
HZ224744,0
HZ224745,0
HZ224746,0
HZ224747,0
HZ224748,0
HZ224749,0
HZ225740,0
HZ225741,0
HZ225742,0
HZ225743,0
HZ225744,0
HZ225745,0
HZ225746,0
HZ225747,0
HZ225748,0
HZ225749,0
HZ226740,0
HZ226741,0
HZ226742,0
HZ226743,0
HZ226744,0
HZ226745,0
HZ226746,0
HZ226747,0
HZ226748,0
HZ226749,0
HZ227740,0
HZ227741,0
HZ227742,0
HZ227743,0
HZ227744,0
HZ227745,0
HZ227746,0
HZ227747,0
HZ227748,0
HZ227749,0
HZ228740,0
HZ228741,0
HZ228742,0
HZ228743,0
HZ228744,0
HZ228745,0
HZ228746,0
HZ228747,0
HZ228748,0
HZ228749,0
HZ229740,0
HZ229741,0
HZ229742,0
HZ229743,0
HZ229744,0
HZ229745,0
HZ229746,0
HZ229747,0
HZ229748,0
HZ229749,0
HZ2275,0
HZ2374,0
HZ2375,0
HZ27I,0
HZ27J,0
HZ27K,0
HZ27L,0
HZ27M,0
HZ27N,0
HZ27P,0
HZ27Q,0
HZ27R,0
HZ27S,0
HZ27T,0
HZ27U,0
HZ27V,0
HZ27W,0
HZ27X,0
HZ27Y,0
HZ27Z,0
HZ28,0
HZ29,0
HZ30,0
HZ31,0
HZ32,0
HZ33,0
HZ34,0
HZ35,0
HZ36,0
HZ37,0
HZ38,0
HZ39,0
HZ40,0
HZ41,0
HZ42,0
HZ43,0
HZ44,0
HZ45,0
HZ46,0
HZ47,0
HZ48,0
HZ49,0
HZ50,0
HZ51,0
HZ52,0
HZ53,0
HZ54,0
HZ55,0
HZ56,0
HZ57,0
HZ58,0
HZ59,0
HZ60,0
HZ61,0
HZ62,0
HZ63,0
HZ64,0
HZ65,0
HZ66,0
HZ67,0
HZ68,0
HZ69,0
HZ70,0
HZ71,0
HZ72,0
HZ73,0
HZ74,0
HZ75,0
HZ76,0
HZ77,0
HZ78,0
HZ79,0
HZ80,0
HZ81,0
HZ82,0
HZ83,0
HZ84,0
HZ85,0
HZ86,0
HZ87,0
HZ88,0
HZ89,0
HZ90,0
HZ91,0
HZ92,0
HZ93,0
HZ94,0
HZ95,0
HZ96,0
HZ97,0
HZ98,0
HZ99,0
