NW,0+74
NW00,0
NW01,0
NW02,0
NW03,0
NW04,0
NW05,0
NW06,0
NW07,0
NW08,0
NW09,0
NW10,0
NW11,0
NW12,0
NW13,0
NW14,0
NW15,0
NW16,0
NW17,0
NW18,0
NW19,0
NW20,0
NW21,0
NW22,0
NW23,0
NW24,0
NW25,0
NW26,0
NW27,0
NW28,0
NW29,0
NW30,0
NW31,0
NW32,0
NW33,0
NW34,0
NW35,0
NW36,0
NW37,0
NW38,0
NW39,0
NW40,0
NW41,0
NW42,0
NW43,0
NW44,0
NW45,0
NW46,0
NW47,0
NW48,0
NW49,0
NW50,0
NW51,0
NW52,0
NW53,0
NW54,0
NW55,0
NW56,0
NW57,0
NW58,0
NW59,0
NW60,0
NW61,0
NW62,0
NW63,0
NW64,0
NW65,0
NW66,0
NW67,0
NW68,0
NW69,0
NW70,0
NW71,0
NW72,0
NW73,0
NW74,0
NW75,0
NW76,0
NW77,0
NW78,0
NW79,0
NW80,0
NW81,0
NW82,0
NW83,0
NW84,0
NW85,0
NW86,0
NW87,0
NW88,0
NW89,0
NW90,0
NW91,0
NW92,0
NW93,0
NW94,0
NW95,0+74
NW95SW,0
NW95NW,0
NW95SE,0+74
NW95NE,0+74
NW95A,0
NW95B,0
NW95C,0
NW95D,0
NW95E,0
NW95F,0
NW95G,0
NW95H,0
NW95I,0
NW95J,0
NW95K,0
NW95L,0
NW95M,0
NW95N,0
NW95P,0
NW95Q,0
NW95R,0
NW95S,0
NW95T,0+74
NW9656,0
NW9657,0
NW9756,0+74
NW970560,0
NW970561,0
NW970562,0
NW970563,0
NW970564,0
NW970565,0
NW970566,0
NW970567,0
NW970568,0
NW970569,0
NW971560,0
NW971561,0
NW971562,0
NW971563,0
NW971564,0
NW971565,0
NW971566,0
NW971567,0
NW971568,0
NW971569,0
NW972560,0
NW972561,0
NW972562,0
NW972563,0
NW972564,0
NW972565,0
NW972566,0
NW972567,0
NW972568,0
NW972569,0
NW973560,0
NW973561,0
NW973562,0
NW973563,0
NW973564,0
NW973565,0
NW973566,0
NW973567,0
NW973568,0
NW973569,0
NW974560,0
NW974561,0
NW974562,0
NW974563,0
NW974564,0
NW974565,0
NW974566,0
NW974567,0
NW974568,0
NW974569,0
NW975560,0
NW975561,0
NW975562,0
NW975563,0
NW975564,0
NW975565,0
NW975566,0
NW975567,0
NW975568,0
NW975569,0
NW976560,0
NW976561,0
NW976562,0
NW976563,0
NW976564,0
NW976565,0
NW976566,0
NW976567,0
NW976568,0
NW976569,0
NW977560,0
NW977561,0
NW977562,0
NW977563,0
NW977564,0
NW977565,0
NW977566,0
NW977567,0
NW977568,0
NW977569,0
NW978560,0
NW978561,0
NW978562,0
NW978563,0
NW978564,0
NW978565,0
NW978566,0
NW978567,0
NW978568,0
NW978569,0
NW979560,0
NW979561,0
NW979562,0
NW979563,0
NW979564,0+74
NW979565,0
NW979566,0
NW979567,0
NW979568,0
NW979569,0
NW9757,0+74
NW970570,0
NW970571,0
NW970572,0
NW970573,0
NW970574,0
NW970575,0
NW970576,0
NW970577,0
NW970578,0
NW970579,0
NW971570,0
NW971571,0
NW971572,0
NW971573,0
NW971574,0
NW971575,0
NW971576,0
NW971577,0
NW971578,0
NW971579,0
NW972570,0
NW972571,0
NW972572,0
NW972573,0
NW972574,0
NW972575,0
NW972576,0
NW972577,0
NW972578,0
NW972579,0
NW973570,0
NW973571,0
NW973572,0
NW973573,0
NW973574,0
NW973575,0
NW973576,0
NW973577,0
NW973578,0
NW973579,0
NW974570,0
NW974571,0
NW974572,0
NW974573,0
NW974574,0
NW974575,0
NW974576,0
NW974577,0
NW974578,0
NW974579,0
NW975570,0
NW975571,0
NW975572,0
NW975573,0
NW975574,0
NW975575,0
NW975576,0
NW975577,0
NW975578,0
NW975579,0
NW976570,0
NW976571,0
NW976572,0
NW976573,0
NW976574,0
NW976575,0
NW976576,0
NW976577,0
NW976578,0
NW976579,0
NW977570,0
NW977571,0
NW977572,0
NW977573,0
NW977574,0
NW977575,0
NW977576,0
NW977577,0
NW977578,0
NW977579,0+74
NW978570,0
NW978571,0
NW978572,0
NW978573,0
NW978574,0
NW978575,0
NW978576,0+74
NW978577,0+74
NW978578,0+74
NW978579,0+74
NW979570,0
NW979571,0
NW979572,0
NW979573,0
NW979574,0
NW979575,0
NW979576,0+74
NW979577,0+74
NW979578,0+74
NW979579,74
NW95U,0+74
NW9658,0
NW9659,0
NW9758,0+74
NW970580,0
NW970581,0
NW970582,0
NW970583,0
NW970584,0
NW970585,0
NW970586,0
NW970587,0
NW970588,0
NW970589,0
NW971580,0
NW971581,0
NW971582,0
NW971583,0
NW971584,0
NW971585,0
NW971586,0
NW971587,0
NW971588,0
NW971589,0
NW972580,0
NW972581,0
NW972582,0
NW972583,0
NW972584,0
NW972585,0
NW972586,0
NW972587,0
NW972588,0
NW972589,0
NW973580,0
NW973581,0
NW973582,0
NW973583,0
NW973584,0
NW973585,0
NW973586,0
NW973587,0
NW973588,0
NW973589,0
NW974580,0
NW974581,0
NW974582,0
NW974583,0
NW974584,0
NW974585,0
NW974586,0
NW974587,0
NW974588,0
NW974589,0
NW975580,0
NW975581,0
NW975582,0
NW975583,0
NW975584,0
NW975585,0
NW975586,0
NW975587,0+74
NW975588,0+74
NW975589,0+74
NW976580,0
NW976581,0
NW976582,0
NW976583,0
NW976584,0+74
NW976585,0+74
NW976586,0+74
NW976587,0+74
NW976588,74
NW976589,74
NW977580,0+74
NW977581,0+74
NW977582,0+74
NW977583,0+74
NW977584,74
NW977585,74
NW977586,74
NW977587,74
NW977588,74
NW977589,74
NW978580,0+74
NW978581,74
NW978582,74
NW978583,74
NW978584,74
NW978585,74
NW978586,74
NW978587,74
NW978588,74
NW978589,74
NW979580,74
NW979581,74
NW979582,74
NW979583,74
NW979584,74
NW979585,74
NW979586,74
NW979587,74
NW979588,74
NW979589,74
NW9759,0+74
NW970590,0
NW970591,0
NW970592,0
NW970593,0
NW970594,0
NW970595,0
NW970596,0
NW970597,0
NW970598,0+74
NW970599,0
NW971590,0
NW971591,0
NW971592,0
NW971593,0
NW971594,0
NW971595,0
NW971596,0+74
NW971597,0+74
NW971598,0+74
NW971599,0+74
NW972590,0
NW972591,0
NW972592,0
NW972593,0
NW972594,0
NW972595,0+74
NW972596,0+74
NW972597,74
NW972598,74
NW972599,74
NW973590,0
NW973591,0+74
NW973592,0+74
NW973593,0+74
NW973594,0+74
NW973595,0+74
NW973596,74
NW973597,74
NW973598,74
NW973599,74
NW974590,0+74
NW974591,0+74
NW974592,74
NW974593,74
NW974594,74
NW974595,74
NW974596,74
NW974597,74
NW974598,74
NW974599,74
NW975590,0+74
NW975591,74
NW975592,74
NW975593,74
NW975594,74
NW975595,74
NW975596,74
NW975597,74
NW975598,74
NW975599,74
NW976590,74
NW976591,74
NW976592,74
NW976593,74
NW976594,74
NW976595,74
NW976596,74
NW976597,74
NW976598,74
NW976599,74
NW977590,74
NW977591,74
NW977592,74
NW977593,74
NW977594,74
NW977595,74
NW977596,74
NW977597,74
NW977598,74
NW977599,74
NW978590,74
NW978591,74
NW978592,74
NW978593,74
NW978594,74
NW978595,74
NW978596,74
NW978597,74
NW978598,74
NW978599,74
NW979590,74
NW979591,74
NW979592,74
NW979593,74
NW979594,74
NW979595,74
NW979596,74
NW979597,74
NW979598,74
NW979599,74
NW95V,0
NW95W,0+74
NW9852,0
NW9853,0
NW9952,0
NW9953,0+74
NW990530,0
NW990531,0
NW990532,0
NW990533,0
NW990534,0
NW990535,0
NW990536,0
NW990537,0
NW990538,0
NW990539,0
NW991530,0
NW991531,0
NW991532,0
NW991533,0
NW991534,0
NW991535,0
NW991536,0
NW991537,0
NW991538,0
NW991539,0
NW992530,0
NW992531,0
NW992532,0
NW992533,0
NW992534,0
NW992535,0
NW992536,0
NW992537,0
NW992538,0
NW992539,0
NW993530,0
NW993531,0
NW993532,0
NW993533,0
NW993534,0
NW993535,0
NW993536,0
NW993537,0
NW993538,0
NW993539,0
NW994530,0
NW994531,0
NW994532,0
NW994533,0
NW994534,0
NW994535,0
NW994536,0
NW994537,0
NW994538,0
NW994539,0
NW995530,0
NW995531,0
NW995532,0
NW995533,0
NW995534,0
NW995535,0
NW995536,0
NW995537,0
NW995538,0
NW995539,0
NW996530,0
NW996531,0
NW996532,0
NW996533,0
NW996534,0
NW996535,0
NW996536,0
NW996537,0
NW996538,0
NW996539,0
NW997530,0
NW997531,0
NW997532,0
NW997533,0
NW997534,0
NW997535,0
NW997536,0
NW997537,0
NW997538,0
NW997539,0+74
NW998530,0
NW998531,0
NW998532,0
NW998533,0
NW998534,0
NW998535,0
NW998536,0
NW998537,0+74
NW998538,0+74
NW998539,0+74
NW999530,0
NW999531,0
NW999532,0
NW999533,0
NW999534,0
NW999535,0
NW999536,0
NW999537,0+74
NW999538,0+74
NW999539,74
NW95X,0+74
NW9854,0
NW9855,0+74
NW980550,0
NW980551,0
NW980552,0
NW980553,0
NW980554,0
NW980555,0
NW980556,0
NW980557,0
NW980558,0
NW980559,0
NW981550,0
NW981551,0
NW981552,0
NW981553,0
NW981554,0
NW981555,0
NW981556,0
NW981557,0
NW981558,0
NW981559,0+74
NW982550,0
NW982551,0
NW982552,0
NW982553,0
NW982554,0
NW982555,0
NW982556,0
NW982557,0+74
NW982558,0+74
NW982559,0+74
NW983550,0
NW983551,0
NW983552,0
NW983553,0
NW983554,0
NW983555,0
NW983556,0
NW983557,0+74
NW983558,0+74
NW983559,74
NW984550,0
NW984551,0
NW984552,0
NW984553,0
NW984554,0+74
NW984555,0+74
NW984556,0+74
NW984557,0+74
NW984558,0+74
NW984559,74
NW985550,0
NW985551,0
NW985552,0
NW985553,0+74
NW985554,0+74
NW985555,74
NW985556,74
NW985557,74
NW985558,74
NW985559,74
NW986550,0
NW986551,0+74
NW986552,0+74
NW986553,0+74
NW986554,0+74
NW986555,74
NW986556,74
NW986557,74
NW986558,74
NW986559,74
NW987550,0+74
NW987551,0+74
NW987552,74
NW987553,74
NW987554,74
NW987555,74
NW987556,74
NW987557,74
NW987558,74
NW987559,74
NW988550,0+74
NW988551,0+74
NW988552,74
NW988553,74
NW988554,74
NW988555,74
NW988556,74
NW988557,74
NW988558,74
NW988559,74
NW989550,0+74
NW989551,0+74
NW989552,0+74
NW989553,74
NW989554,74
NW989555,74
NW989556,74
NW989557,74
NW989558,74
NW989559,74
NW9954,0+74
NW990540,0
NW990541,0
NW990542,0
NW990543,0
NW990544,0
NW990545,0
NW990546,0
NW990547,0
NW990548,0
NW990549,0
NW991540,0
NW991541,0
NW991542,0
NW991543,0
NW991544,0
NW991545,0
NW991546,0+74
NW991547,0+74
NW991548,0+74
NW991549,0+74
NW992540,0
NW992541,0
NW992542,0
NW992543,0
NW992544,0+74
NW992545,0+74
NW992546,0+74
NW992547,0+74
NW992548,74
NW992549,74
NW993540,0
NW993541,0
NW993542,0
NW993543,0+74
NW993544,0+74
NW993545,0+74
NW993546,74
NW993547,74
NW993548,74
NW993549,74
NW994540,0
NW994541,0
NW994542,0+74
NW994543,0+74
NW994544,0+74
NW994545,74
NW994546,74
NW994547,74
NW994548,74
NW994549,74
NW995540,0
NW995541,0+74
NW995542,0+74
NW995543,74
NW995544,74
NW995545,74
NW995546,74
NW995547,74
NW995548,74
NW995549,74
NW996540,0+74
NW996541,0+74
NW996542,74
NW996543,74
NW996544,74
NW996545,74
NW996546,74
NW996547,74
NW996548,74
NW996549,74
NW997540,0+74
NW997541,0+74
NW997542,0+74
NW997543,74
NW997544,74
NW997545,74
NW997546,74
NW997547,74
NW997548,74
NW997549,74
NW998540,0+74
NW998541,0+74
NW998542,0+74
NW998543,74
NW998544,74
NW998545,74
NW998546,74
NW998547,74
NW998548,74
NW998549,74
NW999540,0+74
NW999541,74
NW999542,74
NW999543,74
NW999544,74
NW999545,74
NW999546,74
NW999547,74
NW999548,74
NW999549,74
NW9955,0+74
NW990550,0+74
NW990551,0+74
NW990552,0+74
NW990553,74
NW990554,74
NW990555,74
NW990556,74
NW990557,74
NW990558,74
NW990559,74
NW991550,0+74
NW991551,0+74
NW991552,74
NW991553,74
NW991554,74
NW991555,74
NW991556,74
NW991557,74
NW991558,74
NW991559,74
NW992550,74
NW992551,74
NW992552,74
NW992553,74
NW992554,74
NW992555,74
NW992556,74
NW992557,74
NW992558,74
NW992559,74
NW993550,74
NW993551,74
NW993552,74
NW993553,74
NW993554,74
NW993555,74
NW993556,74
NW993557,74
NW993558,74
NW993559,74
NW994550,74
NW994551,74
NW994552,74
NW994553,74
NW994554,74
NW994555,74
NW994556,74
NW994557,74
NW994558,74
NW994559,74
NW995550,74
NW995551,74
NW995552,74
NW995553,74
NW995554,74
NW995555,74
NW995556,74
NW995557,74
NW995558,74
NW995559,74
NW996550,74
NW996551,74
NW996552,74
NW996553,74
NW996554,74
NW996555,74
NW996556,74
NW996557,74
NW996558,74
NW996559,74
NW997550,74
NW997551,74
NW997552,74
NW997553,74
NW997554,74
NW997555,74
NW997556,74
NW997557,74
NW997558,74
NW997559,74
NW998550,74
NW998551,74
NW998552,74
NW998553,74
NW998554,74
NW998555,74
NW998556,74
NW998557,74
NW998558,74
NW998559,74
NW999550,74
NW999551,74
NW999552,74
NW999553,74
NW999554,74
NW999555,74
NW999556,74
NW999557,74
NW999558,74
NW999559,74
NW95Y,0+74
NW9856,0+74
NW980560,0
NW980561,0
NW980562,0+74
NW980563,0+74
NW980564,0+74
NW980565,0+74
NW980566,0+74
NW980567,0+74
NW980568,0+74
NW980569,0
NW981560,0+74
NW981561,0+74
NW981562,0+74
NW981563,0+74
NW981564,74
NW981565,74
NW981566,74
NW981567,74
NW981568,0+74
NW981569,0+74
NW982560,74
NW982561,74
NW982562,0+74
NW982563,74
NW982564,74
NW982565,74
NW982566,74
NW982567,74
NW982568,74
NW982569,74
NW983560,74
NW983561,74
NW983562,74
NW983563,74
NW983564,74
NW983565,74
NW983566,74
NW983567,74
NW983568,74
NW983569,74
NW984560,74
NW984561,74
NW984562,74
NW984563,74
NW984564,74
NW984565,74
NW984566,74
NW984567,74
NW984568,74
NW984569,74
NW985560,74
NW985561,74
NW985562,74
NW985563,74
NW985564,74
NW985565,74
NW985566,74
NW985567,74
NW985568,74
NW985569,74
NW986560,74
NW986561,74
NW986562,74
NW986563,74
NW986564,74
NW986565,74
NW986566,74
NW986567,74
NW986568,74
NW986569,74
NW987560,74
NW987561,74
NW987562,74
NW987563,74
NW987564,74
NW987565,74
NW987566,74
NW987567,74
NW987568,74
NW987569,74
NW988560,74
NW988561,74
NW988562,74
NW988563,74
NW988564,74
NW988565,74
NW988566,74
NW988567,74
NW988568,74
NW988569,74
NW989560,74
NW989561,74
NW989562,74
NW989563,74
NW989564,74
NW989565,74
NW989566,74
NW989567,74
NW989568,74
NW989569,74
NW9857,0+74
NW980570,0
NW980571,0
NW980572,0
NW980573,0
NW980574,0+74
NW980575,0+74
NW980576,0+74
NW980577,74
NW980578,74
NW980579,74
NW981570,0+74
NW981571,0+74
NW981572,0+74
NW981573,0+74
NW981574,0+74
NW981575,74
NW981576,74
NW981577,74
NW981578,74
NW981579,74
NW982570,74
NW982571,74
NW982572,74
NW982573,74
NW982574,74
NW982575,74
NW982576,74
NW982577,74
NW982578,74
NW982579,74
NW983570,74
NW983571,74
NW983572,74
NW983573,74
NW983574,74
NW983575,74
NW983576,74
NW983577,74
NW983578,74
NW983579,74
NW984570,74
NW984571,74
NW984572,74
NW984573,74
NW984574,74
NW984575,74
NW984576,74
NW984577,74
NW984578,74
NW984579,74
NW985570,74
NW985571,74
NW985572,74
NW985573,74
NW985574,74
NW985575,74
NW985576,74
NW985577,74
NW985578,74
NW985579,74
NW986570,74
NW986571,74
NW986572,74
NW986573,74
NW986574,74
NW986575,74
NW986576,74
NW986577,74
NW986578,74
NW986579,74
NW987570,74
NW987571,74
NW987572,74
NW987573,74
NW987574,74
NW987575,74
NW987576,74
NW987577,74
NW987578,74
NW987579,74
NW988570,74
NW988571,74
NW988572,74
NW988573,74
NW988574,74
NW988575,74
NW988576,74
NW988577,74
NW988578,74
NW988579,74
NW989570,74
NW989571,74
NW989572,74
NW989573,74
NW989574,74
NW989575,74
NW989576,74
NW989577,74
NW989578,74
NW989579,74
NW9956,74
NW9957,74
NW95Z,74
NW96,0+74
NW96SW,0
NW96NW,0
NW96SE,0+74
NW96NE,0+74
NW96A,0
NW96B,0
NW96C,0
NW96D,0
NW96E,0
NW96F,0
NW96G,0
NW96H,0
NW96I,0
NW96J,0
NW96K,0
NW96L,0+74
NW9462,0
NW9463,0
NW9562,0+74
NW950620,0
NW950621,0
NW950622,0
NW950623,0
NW950624,0
NW950625,0
NW950626,0
NW950627,0
NW950628,0
NW950629,0
NW951620,0
NW951621,0
NW951622,0
NW951623,0
NW951624,0
NW951625,0
NW951626,0
NW951627,0
NW951628,0
NW951629,0
NW952620,0
NW952621,0
NW952622,0
NW952623,0
NW952624,0
NW952625,0
NW952626,0
NW952627,0
NW952628,0
NW952629,0
NW953620,0
NW953621,0
NW953622,0
NW953623,0
NW953624,0
NW953625,0
NW953626,0
NW953627,0
NW953628,0
NW953629,0
NW954620,0
NW954621,0
NW954622,0
NW954623,0
NW954624,0
NW954625,0
NW954626,0
NW954627,0
NW954628,0
NW954629,0
NW955620,0
NW955621,0
NW955622,0
NW955623,0
NW955624,0
NW955625,0
NW955626,0
NW955627,0
NW955628,0
NW955629,0
NW956620,0
NW956621,0
NW956622,0
NW956623,0
NW956624,0
NW956625,0
NW956626,0
NW956627,0
NW956628,0
NW956629,0
NW957620,0
NW957621,0
NW957622,0
NW957623,0
NW957624,0
NW957625,0
NW957626,0
NW957627,0
NW957628,0
NW957629,0
NW958620,0
NW958621,0
NW958622,0
NW958623,0
NW958624,0
NW958625,0
NW958626,0+74
NW958627,0+74
NW958628,0
NW958629,0
NW959620,0
NW959621,0
NW959622,0+74
NW959623,0+74
NW959624,0+74
NW959625,0+74
NW959626,0+74
NW959627,0+74
NW959628,0+74
NW959629,0+74
NW9563,0+74
NW950630,0
NW950631,0
NW950632,0
NW950633,0
NW950634,0
NW950635,0
NW950636,0
NW950637,0
NW950638,0
NW950639,0
NW951630,0
NW951631,0
NW951632,0
NW951633,0
NW951634,0
NW951635,0
NW951636,0
NW951637,0
NW951638,0
NW951639,0
NW952630,0
NW952631,0
NW952632,0
NW952633,0
NW952634,0
NW952635,0
NW952636,0
NW952637,0
NW952638,0
NW952639,0
NW953630,0
NW953631,0
NW953632,0
NW953633,0
NW953634,0
NW953635,0
NW953636,0
NW953637,0
NW953638,0
NW953639,0
NW954630,0
NW954631,0
NW954632,0
NW954633,0
NW954634,0
NW954635,0
NW954636,0
NW954637,0
NW954638,0
NW954639,0
NW955630,0
NW955631,0
NW955632,0
NW955633,0
NW955634,0
NW955635,0
NW955636,0
NW955637,0
NW955638,0
NW955639,0
NW956630,0
NW956631,0
NW956632,0
NW956633,0
NW956634,0
NW956635,0
NW956636,0
NW956637,0
NW956638,0
NW956639,0
NW957630,0
NW957631,0
NW957632,0
NW957633,0
NW957634,0
NW957635,0
NW957636,0
NW957637,0
NW957638,0
NW957639,0
NW958630,0
NW958631,0
NW958632,0+74
NW958633,0+74
NW958634,0
NW958635,0
NW958636,0
NW958637,0
NW958638,0+74
NW958639,0+74
NW959630,0+74
NW959631,0+74
NW959632,0+74
NW959633,0+74
NW959634,0+74
NW959635,0+74
NW959636,0+74
NW959637,0+74
NW959638,0+74
NW959639,0+74
NW96M,0+74
NW9464,0
NW9465,0
NW9564,0+74
NW950640,0
NW950641,0
NW950642,0
NW950643,0
NW950644,0
NW950645,0
NW950646,0
NW950647,0
NW950648,0
NW950649,0
NW951640,0
NW951641,0
NW951642,0
NW951643,0
NW951644,0
NW951645,0
NW951646,0
NW951647,0
NW951648,0
NW951649,0
NW952640,0
NW952641,0
NW952642,0
NW952643,0
NW952644,0
NW952645,0
NW952646,0
NW952647,0
NW952648,0
NW952649,0
NW953640,0
NW953641,0
NW953642,0
NW953643,0
NW953644,0
NW953645,0
NW953646,0
NW953647,0
NW953648,0
NW953649,0
NW954640,0
NW954641,0
NW954642,0
NW954643,0
NW954644,0
NW954645,0
NW954646,0
NW954647,0
NW954648,0
NW954649,0
NW955640,0
NW955641,0
NW955642,0
NW955643,0
NW955644,0
NW955645,0
NW955646,0
NW955647,0
NW955648,0
NW955649,0
NW956640,0
NW956641,0
NW956642,0
NW956643,0
NW956644,0
NW956645,0
NW956646,0
NW956647,0
NW956648,0
NW956649,0
NW957640,0
NW957641,0
NW957642,0
NW957643,0
NW957644,0
NW957645,0
NW957646,0
NW957647,0
NW957648,0
NW957649,0
NW958640,0+74
NW958641,0+74
NW958642,0+74
NW958643,0+74
NW958644,0
NW958645,0+74
NW958646,0+74
NW958647,0
NW958648,0
NW958649,0
NW959640,0+74
NW959641,0+74
NW959642,74
NW959643,0+74
NW959644,0+74
NW959645,0+74
NW959646,0+74
NW959647,0+74
NW959648,0+74
NW959649,0+74
NW9565,0+74
NW950650,0
NW950651,0
NW950652,0
NW950653,0
NW950654,0
NW950655,0
NW950656,0
NW950657,0
NW950658,0
NW950659,0
NW951650,0
NW951651,0
NW951652,0
NW951653,0
NW951654,0
NW951655,0
NW951656,0
NW951657,0
NW951658,0
NW951659,0
NW952650,0
NW952651,0
NW952652,0
NW952653,0
NW952654,0
NW952655,0
NW952656,0
NW952657,0
NW952658,0
NW952659,0
NW953650,0
NW953651,0
NW953652,0
NW953653,0
NW953654,0
NW953655,0
NW953656,0
NW953657,0
NW953658,0
NW953659,0
NW954650,0
NW954651,0
NW954652,0
NW954653,0
NW954654,0
NW954655,0
NW954656,0
NW954657,0
NW954658,0
NW954659,0
NW955650,0
NW955651,0
NW955652,0
NW955653,0
NW955654,0
NW955655,0
NW955656,0
NW955657,0
NW955658,0
NW955659,0
NW956650,0
NW956651,0
NW956652,0
NW956653,0
NW956654,0
NW956655,0
NW956656,0
NW956657,0
NW956658,0
NW956659,0
NW957650,0
NW957651,0
NW957652,0
NW957653,0
NW957654,0
NW957655,0
NW957656,0
NW957657,0
NW957658,0
NW957659,0
NW958650,0
NW958651,0
NW958652,0
NW958653,0
NW958654,0
NW958655,0
NW958656,0
NW958657,0
NW958658,0
NW958659,0
NW959650,0+74
NW959651,0+74
NW959652,0+74
NW959653,0+74
NW959654,0+74
NW959655,0
NW959656,0+74
NW959657,0+74
NW959658,0+74
NW959659,0+74
NW96N,0+74
NW9466,0
NW9467,0
NW9566,0+74
NW950660,0
NW950661,0
NW950662,0
NW950663,0
NW950664,0
NW950665,0
NW950666,0
NW950667,0
NW950668,0
NW950669,0
NW951660,0
NW951661,0
NW951662,0
NW951663,0
NW951664,0
NW951665,0
NW951666,0
NW951667,0
NW951668,0
NW951669,0
NW952660,0
NW952661,0
NW952662,0
NW952663,0
NW952664,0
NW952665,0
NW952666,0
NW952667,0
NW952668,0
NW952669,0
NW953660,0
NW953661,0
NW953662,0
NW953663,0
NW953664,0
NW953665,0
NW953666,0
NW953667,0
NW953668,0
NW953669,0
NW954660,0
NW954661,0
NW954662,0
NW954663,0
NW954664,0
NW954665,0
NW954666,0
NW954667,0
NW954668,0
NW954669,0
NW955660,0
NW955661,0
NW955662,0
NW955663,0
NW955664,0
NW955665,0
NW955666,0
NW955667,0
NW955668,0
NW955669,0
NW956660,0
NW956661,0
NW956662,0
NW956663,0
NW956664,0
NW956665,0
NW956666,0
NW956667,0
NW956668,0
NW956669,0
NW957660,0
NW957661,0
NW957662,0
NW957663,0
NW957664,0
NW957665,0
NW957666,0
NW957667,0
NW957668,0
NW957669,0
NW958660,0
NW958661,0
NW958662,0
NW958663,0
NW958664,0
NW958665,0
NW958666,0
NW958667,0
NW958668,0
NW958669,0
NW959660,0+74
NW959661,0
NW959662,0
NW959663,0
NW959664,0+74
NW959665,0+74
NW959666,0
NW959667,0
NW959668,0
NW959669,0
NW9567,0
NW96P,0
NW96Q,0+74
NW9660,0+74
NW960600,0
NW960601,0
NW960602,0
NW960603,0
NW960604,0
NW960605,0
NW960606,0
NW960607,0
NW960608,0
NW960609,0
NW961600,0
NW961601,0
NW961602,0
NW961603,0
NW961604,0
NW961605,0
NW961606,0
NW961607,0
NW961608,0
NW961609,0
NW962600,0
NW962601,0
NW962602,0
NW962603,0
NW962604,0
NW962605,0
NW962606,0
NW962607,0
NW962608,0
NW962609,0
NW963600,0
NW963601,0
NW963602,0
NW963603,0
NW963604,0
NW963605,0
NW963606,0
NW963607,0
NW963608,0
NW963609,0
NW964600,0
NW964601,0
NW964602,0
NW964603,0
NW964604,0
NW964605,0
NW964606,0
NW964607,0
NW964608,0
NW964609,0
NW965600,0
NW965601,0
NW965602,0
NW965603,0
NW965604,0
NW965605,0
NW965606,0
NW965607,0
NW965608,0
NW965609,0+74
NW966600,0
NW966601,0
NW966602,0
NW966603,0
NW966604,0
NW966605,0
NW966606,0
NW966607,0+74
NW966608,0+74
NW966609,0+74
NW967600,0
NW967601,0
NW967602,0
NW967603,0
NW967604,0
NW967605,0
NW967606,0+74
NW967607,0+74
NW967608,74
NW967609,74
NW968600,0
NW968601,0
NW968602,0
NW968603,0+74
NW968604,0+74
NW968605,0+74
NW968606,0+74
NW968607,74
NW968608,74
NW968609,74
NW969600,0
NW969601,0
NW969602,0+74
NW969603,0+74
NW969604,74
NW969605,74
NW969606,74
NW969607,74
NW969608,74
NW969609,74
NW9661,0+74
NW960610,0
NW960611,0
NW960612,0
NW960613,0
NW960614,0
NW960615,0
NW960616,0
NW960617,0
NW960618,0
NW960619,0+74
NW961610,0
NW961611,0
NW961612,0
NW961613,0
NW961614,0
NW961615,0
NW961616,0
NW961617,0+74
NW961618,0+74
NW961619,0+74
NW962610,0
NW962611,0
NW962612,0
NW962613,0
NW962614,0
NW962615,0
NW962616,0+74
NW962617,0+74
NW962618,74
NW962619,74
NW963610,0
NW963611,0
NW963612,0
NW963613,0
NW963614,0+74
NW963615,0+74
NW963616,0+74
NW963617,74
NW963618,74
NW963619,74
NW964610,0
NW964611,0
NW964612,0
NW964613,0+74
NW964614,0+74
NW964615,74
NW964616,74
NW964617,74
NW964618,74
NW964619,74
NW965610,0+74
NW965611,0+74
NW965612,0+74
NW965613,0+74
NW965614,74
NW965615,74
NW965616,74
NW965617,74
NW965618,74
NW965619,74
NW966610,74
NW966611,74
NW966612,74
NW966613,74
NW966614,74
NW966615,74
NW966616,74
NW966617,74
NW966618,74
NW966619,74
NW967610,74
NW967611,74
NW967612,74
NW967613,74
NW967614,74
NW967615,74
NW967616,74
NW967617,74
NW967618,74
NW967619,74
NW968610,74
NW968611,74
NW968612,74
NW968613,74
NW968614,74
NW968615,74
NW968616,74
NW968617,74
NW968618,74
NW968619,74
NW969610,74
NW969611,74
NW969612,74
NW969613,74
NW969614,74
NW969615,74
NW969616,74
NW969617,74
NW969618,74
NW969619,74
NW9760,0+74
NW970600,0+74
NW970601,0+74
NW970602,0+74
NW970603,0+74
NW970604,74
NW970605,74
NW970606,74
NW970607,74
NW970608,74
NW970609,74
NW971600,0+74
NW971601,74
NW971602,74
NW971603,74
NW971604,74
NW971605,74
NW971606,74
NW971607,74
NW971608,74
NW971609,74
NW972600,74
NW972601,74
NW972602,74
NW972603,74
NW972604,74
NW972605,74
NW972606,74
NW972607,74
NW972608,74
NW972609,74
NW973600,74
NW973601,74
NW973602,74
NW973603,74
NW973604,74
NW973605,74
NW973606,74
NW973607,74
NW973608,74
NW973609,74
NW974600,74
NW974601,74
NW974602,74
NW974603,74
NW974604,74
NW974605,74
NW974606,74
NW974607,74
NW974608,74
NW974609,74
NW975600,74
NW975601,74
NW975602,74
NW975603,74
NW975604,74
NW975605,74
NW975606,74
NW975607,74
NW975608,74
NW975609,74
NW976600,74
NW976601,74
NW976602,74
NW976603,74
NW976604,74
NW976605,74
NW976606,74
NW976607,74
NW976608,74
NW976609,74
NW977600,74
NW977601,74
NW977602,74
NW977603,74
NW977604,74
NW977605,74
NW977606,74
NW977607,74
NW977608,74
NW977609,74
NW978600,74
NW978601,74
NW978602,74
NW978603,74
NW978604,74
NW978605,74
NW978606,74
NW978607,74
NW978608,74
NW978609,74
NW979600,74
NW979601,74
NW979602,74
NW979603,74
NW979604,74
NW979605,74
NW979606,74
NW979607,74
NW979608,74
NW979609,74
NW9761,74
NW96R,0+74
NW9662,0+74
NW960620,0+74
NW960621,0+74
NW960622,0+74
NW960623,74
NW960624,74
NW960625,74
NW960626,74
NW960627,74
NW960628,74
NW960629,74
NW961620,74
NW961621,74
NW961622,74
NW961623,74
NW961624,74
NW961625,74
NW961626,74
NW961627,74
NW961628,74
NW961629,74
NW962620,74
NW962621,74
NW962622,74
NW962623,74
NW962624,74
NW962625,74
NW962626,74
NW962627,74
NW962628,74
NW962629,74
NW963620,74
NW963621,74
NW963622,74
NW963623,74
NW963624,74
NW963625,74
NW963626,74
NW963627,74
NW963628,74
NW963629,74
NW964620,74
NW964621,74
NW964622,74
NW964623,74
NW964624,74
NW964625,74
NW964626,74
NW964627,74
NW964628,74
NW964629,74
NW965620,74
NW965621,74
NW965622,74
NW965623,74
NW965624,74
NW965625,74
NW965626,74
NW965627,74
NW965628,74
NW965629,74
NW966620,74
NW966621,74
NW966622,74
NW966623,74
NW966624,74
NW966625,74
NW966626,74
NW966627,74
NW966628,74
NW966629,74
NW967620,74
NW967621,74
NW967622,74
NW967623,74
NW967624,74
NW967625,74
NW967626,74
NW967627,74
NW967628,74
NW967629,74
NW968620,74
NW968621,74
NW968622,74
NW968623,74
NW968624,74
NW968625,74
NW968626,74
NW968627,74
NW968628,74
NW968629,74
NW969620,74
NW969621,74
NW969622,74
NW969623,74
NW969624,74
NW969625,74
NW969626,74
NW969627,74
NW969628,74
NW969629,74
NW9663,74
NW9762,74
NW9763,74
NW96S,0+74
NW9664,74
NW9665,0+74
NW960650,74
NW960651,74
NW960652,74
NW960653,0+74
NW960654,0+74
NW960655,0+74
NW960656,0+74
NW960657,74
NW960658,74
NW960659,74
NW961650,74
NW961651,74
NW961652,74
NW961653,74
NW961654,74
NW961655,74
NW961656,74
NW961657,74
NW961658,74
NW961659,74
NW962650,74
NW962651,74
NW962652,74
NW962653,74
NW962654,74
NW962655,74
NW962656,74
NW962657,74
NW962658,74
NW962659,74
NW963650,74
NW963651,74
NW963652,74
NW963653,74
NW963654,74
NW963655,74
NW963656,74
NW963657,74
NW963658,74
NW963659,74
NW964650,74
NW964651,74
NW964652,74
NW964653,74
NW964654,74
NW964655,74
NW964656,74
NW964657,74
NW964658,74
NW964659,74
NW965650,74
NW965651,74
NW965652,74
NW965653,74
NW965654,74
NW965655,74
NW965656,74
NW965657,74
NW965658,74
NW965659,74
NW966650,74
NW966651,74
NW966652,74
NW966653,74
NW966654,74
NW966655,74
NW966656,74
NW966657,74
NW966658,74
NW966659,74
NW967650,74
NW967651,74
NW967652,74
NW967653,74
NW967654,74
NW967655,74
NW967656,74
NW967657,74
NW967658,74
NW967659,74
NW968650,74
NW968651,74
NW968652,74
NW968653,74
NW968654,74
NW968655,74
NW968656,74
NW968657,74
NW968658,74
NW968659,74
NW969650,74
NW969651,74
NW969652,74
NW969653,74
NW969654,74
NW969655,74
NW969656,74
NW969657,74
NW969658,74
NW969659,74
NW9764,74
NW9765,74
NW96T,0+74
NW9666,0+74
NW960660,0+74
NW960661,0+74
NW960662,0+74
NW960663,0+74
NW960664,0+74
NW960665,0+74
NW960666,0+74
NW960667,0+74
NW960668,0
NW960669,0
NW961660,74
NW961661,74
NW961662,74
NW961663,74
NW961664,74
NW961665,74
NW961666,74
NW961667,0+74
NW961668,0+74
NW961669,0+74
NW962660,74
NW962661,74
NW962662,74
NW962663,74
NW962664,74
NW962665,74
NW962666,74
NW962667,74
NW962668,74
NW962669,0+74
NW963660,74
NW963661,74
NW963662,74
NW963663,74
NW963664,74
NW963665,74
NW963666,74
NW963667,74
NW963668,74
NW963669,74
NW964660,74
NW964661,74
NW964662,74
NW964663,74
NW964664,74
NW964665,74
NW964666,74
NW964667,74
NW964668,74
NW964669,74
NW965660,74
NW965661,74
NW965662,74
NW965663,74
NW965664,74
NW965665,74
NW965666,74
NW965667,74
NW965668,74
NW965669,74
NW966660,74
NW966661,74
NW966662,74
NW966663,74
NW966664,74
NW966665,74
NW966666,74
NW966667,74
NW966668,74
NW966669,74
NW967660,74
NW967661,74
NW967662,74
NW967663,74
NW967664,74
NW967665,74
NW967666,74
NW967667,74
NW967668,74
NW967669,74
NW968660,74
NW968661,74
NW968662,74
NW968663,74
NW968664,74
NW968665,74
NW968666,74
NW968667,74
NW968668,74
NW968669,74
NW969660,74
NW969661,74
NW969662,74
NW969663,74
NW969664,74
NW969665,74
NW969666,74
NW969667,74
NW969668,74
NW969669,74
NW9667,0+74
NW960670,0
NW960671,0
NW960672,0
NW960673,0
NW960674,0
NW960675,0
NW960676,0
NW960677,0
NW960678,0
NW960679,0
NW961670,0+74
NW961671,0
NW961672,0
NW961673,0
NW961674,0
NW961675,0
NW961676,0
NW961677,0
NW961678,0
NW961679,0
NW962670,0+74
NW962671,0+74
NW962672,0+74
NW962673,0+74
NW962674,0
NW962675,0
NW962676,0
NW962677,0
NW962678,0
NW962679,0
NW963670,74
NW963671,74
NW963672,74
NW963673,0+74
NW963674,0+74
NW963675,0+74
NW963676,0
NW963677,0
NW963678,0
NW963679,0
NW964670,74
NW964671,74
NW964672,74
NW964673,74
NW964674,0+74
NW964675,0+74
NW964676,0+74
NW964677,0+74
NW964678,0+74
NW964679,0
NW965670,74
NW965671,74
NW965672,74
NW965673,74
NW965674,74
NW965675,74
NW965676,74
NW965677,74
NW965678,0+74
NW965679,0+74
NW966670,74
NW966671,74
NW966672,74
NW966673,74
NW966674,74
NW966675,74
NW966676,74
NW966677,74
NW966678,74
NW966679,74
NW967670,74
NW967671,74
NW967672,74
NW967673,74
NW967674,74
NW967675,74
NW967676,74
NW967677,74
NW967678,74
NW967679,74
NW968670,74
NW968671,74
NW968672,74
NW968673,74
NW968674,74
NW968675,74
NW968676,74
NW968677,74
NW968678,74
NW968679,74
NW969670,74
NW969671,74
NW969672,74
NW969673,74
NW969674,74
NW969675,74
NW969676,74
NW969677,74
NW969678,74
NW969679,74
NW9766,74
NW9767,74
NW96U,0+74
NW9668,0+74
NW960680,0
NW960681,0
NW960682,0
NW960683,0
NW960684,0
NW960685,0
NW960686,0
NW960687,0
NW960688,0
NW960689,0
NW961680,0
NW961681,0
NW961682,0
NW961683,0
NW961684,0
NW961685,0
NW961686,0
NW961687,0
NW961688,0
NW961689,0
NW962680,0
NW962681,0
NW962682,0
NW962683,0
NW962684,0
NW962685,0
NW962686,0
NW962687,0
NW962688,0
NW962689,0+74
NW963680,0
NW963681,0
NW963682,0
NW963683,0
NW963684,0
NW963685,0
NW963686,0
NW963687,0
NW963688,0+74
NW963689,0+74
NW964680,0
NW964681,0
NW964682,0
NW964683,0
NW964684,0
NW964685,0
NW964686,0
NW964687,0
NW964688,0+74
NW964689,0+74
NW965680,0+74
NW965681,0+74
NW965682,0+74
NW965683,0+74
NW965684,0+74
NW965685,0+74
NW965686,0+74
NW965687,0+74
NW965688,0+74
NW965689,0+74
NW966680,74
NW966681,0+74
NW966682,0+74
NW966683,74
NW966684,0+74
NW966685,74
NW966686,74
NW966687,74
NW966688,0+74
NW966689,74
NW967680,74
NW967681,74
NW967682,74
NW967683,74
NW967684,74
NW967685,74
NW967686,74
NW967687,74
NW967688,74
NW967689,74
NW968680,74
NW968681,74
NW968682,74
NW968683,74
NW968684,74
NW968685,74
NW968686,74
NW968687,74
NW968688,74
NW968689,74
NW969680,74
NW969681,74
NW969682,74
NW969683,74
NW969684,74
NW969685,74
NW969686,74
NW969687,74
NW969688,74
NW969689,74
NW9669,0+74
NW960690,0
NW960691,0
NW960692,0
NW960693,0
NW960694,0
NW960695,0
NW960696,0
NW960697,0
NW960698,0
NW960699,0
NW961690,0+74
NW961691,0+74
NW961692,0+74
NW961693,0
NW961694,0
NW961695,0
NW961696,0
NW961697,0
NW961698,0
NW961699,0
NW962690,0+74
NW962691,74
NW962692,0+74
NW962693,0+74
NW962694,0+74
NW962695,0
NW962696,0
NW962697,0
NW962698,0
NW962699,0
NW963690,0+74
NW963691,74
NW963692,74
NW963693,74
NW963694,0+74
NW963695,0+74
NW963696,0+74
NW963697,0
NW963698,0
NW963699,0
NW964690,74
NW964691,74
NW964692,74
NW964693,74
NW964694,74
NW964695,74
NW964696,0+74
NW964697,0+74
NW964698,0+74
NW964699,0
NW965690,74
NW965691,74
NW965692,74
NW965693,74
NW965694,74
NW965695,74
NW965696,74
NW965697,74
NW965698,0+74
NW965699,0+74
NW966690,74
NW966691,74
NW966692,74
NW966693,74
NW966694,74
NW966695,74
NW966696,74
NW966697,74
NW966698,74
NW966699,0+74
NW967690,74
NW967691,74
NW967692,74
NW967693,74
NW967694,74
NW967695,74
NW967696,74
NW967697,74
NW967698,74
NW967699,74
NW968690,74
NW968691,74
NW968692,74
NW968693,74
NW968694,74
NW968695,74
NW968696,74
NW968697,74
NW968698,74
NW968699,74
NW969690,74
NW969691,74
NW969692,74
NW969693,74
NW969694,74
NW969695,74
NW969696,74
NW969697,74
NW969698,74
NW969699,74
NW9768,74
NW9769,74
NW96V,74
NW96W,74
NW96X,74
NW96Y,74
NW96Z,74
NW97,0+74
NW97SW,0
NW97NW,0
NW97SE,0+74
NW97NE,0
NW97A,0
NW97B,0
NW97C,0
NW97D,0
NW97E,0
NW97F,0
NW97G,0
NW97H,0
NW97I,0
NW97J,0
NW97K,0
NW97L,0
NW97M,0
NW97N,0
NW97P,0
NW97Q,0+74
NW9670,0+74
NW960700,0
NW960701,0
NW960702,0
NW960703,0
NW960704,0
NW960705,0
NW960706,0
NW960707,0
NW960708,0
NW960709,0
NW961700,0
NW961701,0
NW961702,0
NW961703,0
NW961704,0
NW961705,0
NW961706,0
NW961707,0
NW961708,0
NW961709,0
NW962700,0
NW962701,0
NW962702,0
NW962703,0
NW962704,0
NW962705,0
NW962706,0
NW962707,0
NW962708,0
NW962709,0
NW963700,0
NW963701,0
NW963702,0
NW963703,0
NW963704,0
NW963705,0
NW963706,0
NW963707,0
NW963708,0
NW963709,0
NW964700,0
NW964701,0
NW964702,0
NW964703,0
NW964704,0
NW964705,0
NW964706,0
NW964707,0
NW964708,0
NW964709,0
NW965700,0+74
NW965701,0+74
NW965702,0
NW965703,0
NW965704,0
NW965705,0
NW965706,0
NW965707,0
NW965708,0
NW965709,0
NW966700,0+74
NW966701,0+74
NW966702,0+74
NW966703,0+74
NW966704,0
NW966705,0+74
NW966706,0+74
NW966707,0
NW966708,0
NW966709,0
NW967700,74
NW967701,74
NW967702,74
NW967703,0+74
NW967704,0+74
NW967705,0+74
NW967706,0+74
NW967707,0+74
NW967708,0+74
NW967709,0+74
NW968700,74
NW968701,74
NW968702,74
NW968703,74
NW968704,0+74
NW968705,74
NW968706,74
NW968707,0+74
NW968708,0+74
NW968709,0+74
NW969700,74
NW969701,74
NW969702,74
NW969703,74
NW969704,74
NW969705,74
NW969706,74
NW969707,0+74
NW969708,0+74
NW969709,0
NW9671,0
NW9770,0+74
NW970700,74
NW970701,74
NW970702,74
NW970703,74
NW970704,74
NW970705,74
NW970706,74
NW970707,74
NW970708,0+74
NW970709,0+74
NW971700,74
NW971701,74
NW971702,74
NW971703,74
NW971704,74
NW971705,74
NW971706,74
NW971707,74
NW971708,74
NW971709,0+74
NW972700,74
NW972701,74
NW972702,74
NW972703,74
NW972704,74
NW972705,74
NW972706,74
NW972707,74
NW972708,74
NW972709,74
NW973700,74
NW973701,74
NW973702,74
NW973703,74
NW973704,74
NW973705,74
NW973706,74
NW973707,74
NW973708,74
NW973709,74
NW974700,74
NW974701,74
NW974702,74
NW974703,74
NW974704,74
NW974705,74
NW974706,74
NW974707,74
NW974708,74
NW974709,74
NW975700,74
NW975701,74
NW975702,74
NW975703,74
NW975704,74
NW975705,74
NW975706,74
NW975707,74
NW975708,74
NW975709,74
NW976700,74
NW976701,74
NW976702,74
NW976703,74
NW976704,74
NW976705,74
NW976706,74
NW976707,74
NW976708,74
NW976709,74
NW977700,74
NW977701,74
NW977702,74
NW977703,74
NW977704,74
NW977705,74
NW977706,74
NW977707,74
NW977708,74
NW977709,74
NW978700,74
NW978701,74
NW978702,74
NW978703,74
NW978704,74
NW978705,74
NW978706,74
NW978707,74
NW978708,74
NW978709,74
NW979700,74
NW979701,74
NW979702,74
NW979703,74
NW979704,74
NW979705,74
NW979706,74
NW979707,74
NW979708,74
NW979709,74
NW9771,0+74
NW970710,0
NW970711,0+74
NW970712,0+74
NW970713,0+74
NW970714,0
NW970715,0
NW970716,0
NW970717,0
NW970718,0
NW970719,0
NW971710,0+74
NW971711,0+74
NW971712,74
NW971713,0+74
NW971714,0+74
NW971715,0
NW971716,0
NW971717,0
NW971718,0
NW971719,0
NW972710,74
NW972711,74
NW972712,74
NW972713,74
NW972714,0+74
NW972715,0+74
NW972716,0+74
NW972717,0
NW972718,0
NW972719,0
NW973710,74
NW973711,74
NW973712,74
NW973713,74
NW973714,74
NW973715,74
NW973716,0+74
NW973717,0+74
NW973718,0+74
NW973719,0+74
NW974710,74
NW974711,74
NW974712,74
NW974713,74
NW974714,74
NW974715,74
NW974716,74
NW974717,0+74
NW974718,0+74
NW974719,0+74
NW975710,74
NW975711,74
NW975712,74
NW975713,74
NW975714,74
NW975715,74
NW975716,74
NW975717,74
NW975718,74
NW975719,74
NW976710,74
NW976711,74
NW976712,74
NW976713,74
NW976714,74
NW976715,74
NW976716,74
NW976717,74
NW976718,74
NW976719,74
NW977710,74
NW977711,74
NW977712,74
NW977713,74
NW977714,74
NW977715,74
NW977716,74
NW977717,74
NW977718,74
NW977719,74
NW978710,74
NW978711,74
NW978712,74
NW978713,74
NW978714,74
NW978715,74
NW978716,74
NW978717,74
NW978718,74
NW978719,74
NW979710,74
NW979711,74
NW979712,74
NW979713,74
NW979714,74
NW979715,74
NW979716,74
NW979717,74
NW979718,74
NW979719,74
NW97R,0+74
NW9672,0
NW9673,0
NW9772,0+74
NW970720,0
NW970721,0
NW970722,0
NW970723,0
NW970724,0
NW970725,0
NW970726,0
NW970727,0
NW970728,0
NW970729,0
NW971720,0
NW971721,0
NW971722,0
NW971723,0
NW971724,0
NW971725,0
NW971726,0
NW971727,0
NW971728,0
NW971729,0
NW972720,0
NW972721,0
NW972722,0
NW972723,0
NW972724,0
NW972725,0
NW972726,0
NW972727,0
NW972728,0
NW972729,0
NW973720,0
NW973721,0
NW973722,0
NW973723,0
NW973724,0
NW973725,0
NW973726,0
NW973727,0
NW973728,0
NW973729,0
NW974720,0+74
NW974721,0
NW974722,0
NW974723,0
NW974724,0
NW974725,0
NW974726,0
NW974727,0
NW974728,0
NW974729,0
NW975720,0+74
NW975721,0
NW975722,0
NW975723,0
NW975724,0
NW975725,0
NW975726,0
NW975727,0
NW975728,0
NW975729,0
NW976720,0+74
NW976721,0+74
NW976722,0
NW976723,0
NW976724,0
NW976725,0
NW976726,0
NW976727,0
NW976728,0
NW976729,0
NW977720,74
NW977721,0+74
NW977722,0+74
NW977723,0
NW977724,0
NW977725,0
NW977726,0
NW977727,0
NW977728,0
NW977729,0
NW978720,74
NW978721,74
NW978722,0+74
NW978723,0+74
NW978724,0+74
NW978725,0+74
NW978726,0
NW978727,0
NW978728,0
NW978729,0
NW979720,74
NW979721,74
NW979722,74
NW979723,74
NW979724,74
NW979725,0+74
NW979726,0+74
NW979727,0+74
NW979728,0
NW979729,0
NW9773,0
NW97S,0
NW97T,0
NW97U,0
NW97V,74
NW97W,0+74
NW9872,0+74
NW980720,74
NW980721,74
NW980722,74
NW980723,74
NW980724,74
NW980725,74
NW980726,0+74
NW980727,0+74
NW980728,0
NW980729,0
NW981720,74
NW981721,74
NW981722,74
NW981723,74
NW981724,74
NW981725,74
NW981726,74
NW981727,0+74
NW981728,0
NW981729,0
NW982720,74
NW982721,74
NW982722,74
NW982723,74
NW982724,74
NW982725,74
NW982726,74
NW982727,0+74
NW982728,0+74
NW982729,0
NW983720,74
NW983721,74
NW983722,74
NW983723,74
NW983724,74
NW983725,74
NW983726,74
NW983727,0+74
NW983728,0+74
NW983729,0
NW984720,74
NW984721,74
NW984722,74
NW984723,74
NW984724,74
NW984725,74
NW984726,74
NW984727,0+74
NW984728,0+74
NW984729,0
NW985720,74
NW985721,74
NW985722,74
NW985723,74
NW985724,74
NW985725,74
NW985726,74
NW985727,0+74
NW985728,0+74
NW985729,0
NW986720,74
NW986721,74
NW986722,74
NW986723,74
NW986724,74
NW986725,74
NW986726,0+74
NW986727,0+74
NW986728,0
NW986729,0
NW987720,74
NW987721,74
NW987722,74
NW987723,74
NW987724,74
NW987725,74
NW987726,74
NW987727,0+74
NW987728,0
NW987729,0
NW988720,74
NW988721,74
NW988722,74
NW988723,74
NW988724,74
NW988725,74
NW988726,74
NW988727,0+74
NW988728,0
NW988729,0
NW989720,74
NW989721,74
NW989722,74
NW989723,74
NW989724,74
NW989725,74
NW989726,0+74
NW989727,0+74
NW989728,0
NW989729,0
NW9873,0
NW9972,0+74
NW990720,74
NW990721,74
NW990722,74
NW990723,74
NW990724,74
NW990725,0+74
NW990726,0+74
NW990727,0
NW990728,0
NW990729,0
NW991720,74
NW991721,74
NW991722,74
NW991723,74
NW991724,74
NW991725,0+74
NW991726,0
NW991727,0
NW991728,0
NW991729,0
NW992720,74
NW992721,74
NW992722,74
NW992723,74
NW992724,74
NW992725,0+74
NW992726,0+74
NW992727,0
NW992728,0
NW992729,0
NW993720,74
NW993721,74
NW993722,74
NW993723,74
NW993724,74
NW993725,74
NW993726,0+74
NW993727,0
NW993728,0
NW993729,0
NW994720,74
NW994721,74
NW994722,74
NW994723,74
NW994724,74
NW994725,74
NW994726,0+74
NW994727,0
NW994728,0
NW994729,0
NW995720,74
NW995721,74
NW995722,74
NW995723,74
NW995724,74
NW995725,74
NW995726,74
NW995727,0+74
NW995728,0
NW995729,0
NW996720,74
NW996721,74
NW996722,74
NW996723,74
NW996724,74
NW996725,74
NW996726,74
NW996727,0+74
NW996728,0+74
NW996729,0
NW997720,74
NW997721,74
NW997722,74
NW997723,74
NW997724,74
NW997725,74
NW997726,74
NW997727,74
NW997728,0+74
NW997729,0+74
NW998720,74
NW998721,74
NW998722,74
NW998723,74
NW998724,74
NW998725,74
NW998726,74
NW998727,74
NW998728,0+74
NW998729,0+74
NW999720,74
NW999721,74
NW999722,74
NW999723,74
NW999724,74
NW999725,74
NW999726,74
NW999727,74
NW999728,0+74
NW999729,0+74
NW9973,0
NW97X,0
NW97Y,0
NW97Z,0
NW98,0
NW99,0
