OV,0+62
OV00,0+62
OV00SW,0+62
OV00NW,0
OV00SE,0
OV00NE,0
OV00A,0+62
OV0000,0+62
OV000000,0+62
OV000001,0+62
OV000002,0
OV000003,0
OV000004,0
OV000005,0
OV000006,0
OV000007,0
OV000008,0
OV000009,0
OV001000,0
OV001001,0
OV001002,0
OV001003,0
OV001004,0
OV001005,0
OV001006,0
OV001007,0
OV001008,0
OV001009,0
OV002000,0
OV002001,0
OV002002,0
OV002003,0
OV002004,0
OV002005,0
OV002006,0
OV002007,0
OV002008,0
OV002009,0
OV003000,0
OV003001,0
OV003002,0
OV003003,0
OV003004,0
OV003005,0
OV003006,0
OV003007,0
OV003008,0
OV003009,0
OV004000,0
OV004001,0
OV004002,0
OV004003,0
OV004004,0
OV004005,0
OV004006,0
OV004007,0
OV004008,0
OV004009,0
OV005000,0
OV005001,0
OV005002,0
OV005003,0
OV005004,0
OV005005,0
OV005006,0
OV005007,0
OV005008,0
OV005009,0
OV006000,0
OV006001,0
OV006002,0
OV006003,0
OV006004,0
OV006005,0
OV006006,0
OV006007,0
OV006008,0
OV006009,0
OV007000,0
OV007001,0
OV007002,0
OV007003,0
OV007004,0
OV007005,0
OV007006,0
OV007007,0
OV007008,0
OV007009,0
OV008000,0
OV008001,0
OV008002,0
OV008003,0
OV008004,0
OV008005,0
OV008006,0
OV008007,0
OV008008,0
OV008009,0
OV009000,0
OV009001,0
OV009002,0
OV009003,0
OV009004,0
OV009005,0
OV009006,0
OV009007,0
OV009008,0
OV009009,0
OV0001,0
OV0100,0
OV0101,0
OV00B,0
OV00C,0
OV00D,0
OV00E,0
OV00F,0
OV00G,0
OV00H,0
OV00I,0
OV00J,0
OV00K,0
OV00L,0
OV00M,0
OV00N,0
OV00P,0
OV00Q,0
OV00R,0
OV00S,0
OV00T,0
OV00U,0
OV00V,0
OV00W,0
OV00X,0
OV00Y,0
OV00Z,0
OV01,0
OV02,0
OV03,0
OV04,0
OV05,0
OV06,0
OV07,0
OV08,0
OV09,0
OV10,0
OV11,0
OV12,0
OV13,0
OV14,0
OV15,0
OV16,0
OV17,0
OV18,0
OV19,0
OV20,0
OV21,0
OV22,0
OV23,0
OV24,0
OV25,0
OV26,0
OV27,0
OV28,0
OV29,0
OV30,0
OV31,0
OV32,0
OV33,0
OV34,0
OV35,0
OV36,0
OV37,0
OV38,0
OV39,0
OV40,0
OV41,0
OV42,0
OV43,0
OV44,0
OV45,0
OV46,0
OV47,0
OV48,0
OV49,0
OV50,0
OV51,0
OV52,0
OV53,0
OV54,0
OV55,0
OV56,0
OV57,0
OV58,0
OV59,0
OV60,0
OV61,0
OV62,0
OV63,0
OV64,0
OV65,0
OV66,0
OV67,0
OV68,0
OV69,0
OV70,0
OV71,0
OV72,0
OV73,0
OV74,0
OV75,0
OV76,0
OV77,0
OV78,0
OV79,0
OV80,0
OV81,0
OV82,0
OV83,0
OV84,0
OV85,0
OV86,0
OV87,0
OV88,0
OV89,0
OV90,0
OV91,0
OV92,0
OV93,0
OV94,0
OV95,0
OV96,0
OV97,0
OV98,0
OV99,0
