SR,0+45
SR00,0
SR01,0
SR02,0
SR03,0
SR04,0
SR05,0
SR06,0
SR07,0
SR08,0
SR09,0
SR10,0
SR11,0
SR12,0
SR13,0
SR14,0
SR15,0
SR16,0
SR17,0
SR18,0
SR19,0
SR20,0
SR21,0
SR22,0
SR23,0
SR24,0
SR25,0
SR26,0
SR27,0
SR28,0
SR29,0
SR30,0
SR31,0
SR32,0
SR33,0
SR34,0
SR35,0
SR36,0
SR37,0
SR38,0
SR39,0
SR40,0
SR41,0
SR42,0
SR43,0
SR44,0
SR45,0
SR46,0
SR47,0
SR48,0
SR49,0
SR50,0
SR51,0
SR52,0
SR53,0
SR54,0
SR55,0
SR56,0
SR57,0
SR58,0
SR59,0
SR60,0
SR61,0
SR62,0
SR63,0
SR64,0
SR65,0
SR66,0
SR67,0
SR68,0
SR69,0
SR70,0
SR71,0
SR72,0
SR73,0
SR74,0
SR75,0
SR76,0
SR77,0
SR78,0
SR79,0
SR80,0
SR81,0
SR82,0
SR83,0
SR84,0
SR85,0
SR86,0
SR87,0
SR88,0
SR89,0+45
SR89SW,0
SR89NW,0
SR89SE,0
SR89NE,0+45
SR89A,0
SR89B,0
SR89C,0
SR89D,0
SR89E,0
SR89F,0
SR89G,0
SR89H,0
SR89I,0
SR89J,0
SR89K,0
SR89L,0
SR89M,0
SR89N,0
SR89P,0
SR89Q,0
SR89R,0
SR89S,0
SR89T,0
SR89U,0
SR89V,0
SR89W,0
SR89X,0+45
SR8894,0
SR8895,0+45
SR880950,0
SR880951,0
SR880952,0
SR880953,0
SR880954,0
SR880955,0
SR880956,0
SR880957,0
SR880958,0
SR880959,0
SR881950,0
SR881951,0
SR881952,0
SR881953,0
SR881954,0
SR881955,0
SR881956,0
SR881957,0
SR881958,0
SR881959,0+45
SR882950,0
SR882951,0
SR882952,0
SR882953,0
SR882954,0
SR882955,0
SR882956,0
SR882957,0+45
SR882958,0+45
SR882959,0+45
SR883950,0
SR883951,0
SR883952,0
SR883953,0
SR883954,0
SR883955,0
SR883956,0
SR883957,0+45
SR883958,45
SR883959,45
SR884950,0
SR884951,0
SR884952,0
SR884953,0
SR884954,0
SR884955,0
SR884956,0+45
SR884957,0+45
SR884958,45
SR884959,45
SR885950,0
SR885951,0
SR885952,0
SR885953,0
SR885954,0
SR885955,0
SR885956,0+45
SR885957,45
SR885958,45
SR885959,45
SR886950,0
SR886951,0
SR886952,0
SR886953,0
SR886954,0
SR886955,0
SR886956,0+45
SR886957,45
SR886958,45
SR886959,45
SR887950,0
SR887951,0
SR887952,0
SR887953,0
SR887954,0
SR887955,0+45
SR887956,0+45
SR887957,45
SR887958,45
SR887959,45
SR888950,0
SR888951,0
SR888952,0
SR888953,0
SR888954,0
SR888955,0+45
SR888956,45
SR888957,45
SR888958,45
SR888959,45
SR889950,0
SR889951,0
SR889952,0
SR889953,0
SR889954,0
SR889955,0+45
SR889956,0+45
SR889957,45
SR889958,45
SR889959,45
SR8994,0
SR8995,0+45
SR890950,0
SR890951,0
SR890952,0
SR890953,0
SR890954,0
SR890955,0
SR890956,0+45
SR890957,45
SR890958,45
SR890959,45
SR891950,0
SR891951,0
SR891952,0
SR891953,0
SR891954,0
SR891955,0+45
SR891956,0+45
SR891957,45
SR891958,45
SR891959,45
SR892950,0
SR892951,0
SR892952,0
SR892953,0
SR892954,0+45
SR892955,0+45
SR892956,45
SR892957,45
SR892958,45
SR892959,45
SR893950,0
SR893951,0
SR893952,0
SR893953,0
SR893954,0+45
SR893955,45
SR893956,45
SR893957,45
SR893958,45
SR893959,45
SR894950,0
SR894951,0
SR894952,0
SR894953,0
SR894954,0+45
SR894955,0+45
SR894956,45
SR894957,45
SR894958,45
SR894959,45
SR895950,0
SR895951,0
SR895952,0
SR895953,0+45
SR895954,0+45
SR895955,0+45
SR895956,45
SR895957,45
SR895958,45
SR895959,45
SR896950,0
SR896951,0
SR896952,0+45
SR896953,0+45
SR896954,45
SR896955,45
SR896956,45
SR896957,45
SR896958,45
SR896959,45
SR897950,0
SR897951,0
SR897952,0+45
SR897953,45
SR897954,45
SR897955,45
SR897956,45
SR897957,45
SR897958,45
SR897959,45
SR898950,0
SR898951,0
SR898952,0+45
SR898953,45
SR898954,45
SR898955,45
SR898956,45
SR898957,45
SR898958,45
SR898959,45
SR899950,0
SR899951,0
SR899952,0+45
SR899953,45
SR899954,45
SR899955,45
SR899956,45
SR899957,45
SR899958,45
SR899959,45
SR89Y,0+45
SR8896,0+45
SR880960,0
SR880961,0+45
SR880962,0+45
SR880963,0+45
SR880964,0+45
SR880965,0
SR880966,0
SR880967,0
SR880968,0
SR880969,0
SR881960,0+45
SR881961,0+45
SR881962,0+45
SR881963,45
SR881964,0+45
SR881965,0+45
SR881966,0+45
SR881967,0+45
SR881968,0
SR881969,0
SR882960,45
SR882961,45
SR882962,45
SR882963,45
SR882964,45
SR882965,45
SR882966,45
SR882967,0+45
SR882968,0+45
SR882969,0+45
SR883960,45
SR883961,45
SR883962,45
SR883963,45
SR883964,45
SR883965,45
SR883966,45
SR883967,45
SR883968,45
SR883969,0+45
SR884960,45
SR884961,45
SR884962,45
SR884963,45
SR884964,45
SR884965,45
SR884966,45
SR884967,45
SR884968,45
SR884969,45
SR885960,45
SR885961,45
SR885962,45
SR885963,45
SR885964,45
SR885965,45
SR885966,45
SR885967,45
SR885968,45
SR885969,45
SR886960,45
SR886961,45
SR886962,45
SR886963,45
SR886964,45
SR886965,45
SR886966,45
SR886967,45
SR886968,45
SR886969,45
SR887960,45
SR887961,45
SR887962,45
SR887963,45
SR887964,45
SR887965,45
SR887966,45
SR887967,45
SR887968,45
SR887969,45
SR888960,45
SR888961,45
SR888962,45
SR888963,45
SR888964,45
SR888965,45
SR888966,45
SR888967,45
SR888968,45
SR888969,45
SR889960,45
SR889961,45
SR889962,45
SR889963,45
SR889964,45
SR889965,45
SR889966,45
SR889967,45
SR889968,45
SR889969,45
SR8897,0+45
SR880970,0
SR880971,0
SR880972,0
SR880973,0
SR880974,0
SR880975,0
SR880976,0
SR880977,0
SR880978,0
SR880979,0
SR881970,0
SR881971,0
SR881972,0
SR881973,0
SR881974,0
SR881975,0
SR881976,0
SR881977,0
SR881978,0
SR881979,0
SR882970,0
SR882971,0
SR882972,0
SR882973,0
SR882974,0
SR882975,0
SR882976,0
SR882977,0
SR882978,0
SR882979,0
SR883970,0+45
SR883971,0
SR883972,0
SR883973,0
SR883974,0
SR883975,0+45
SR883976,0+45
SR883977,0
SR883978,0
SR883979,0
SR884970,0+45
SR884971,0+45
SR884972,0
SR884973,0
SR884974,0
SR884975,0+45
SR884976,0+45
SR884977,0
SR884978,0
SR884979,0
SR885970,45
SR885971,0+45
SR885972,0
SR885973,0
SR885974,0+45
SR885975,0+45
SR885976,0
SR885977,0
SR885978,0
SR885979,0
SR886970,45
SR886971,0+45
SR886972,0
SR886973,0+45
SR886974,0+45
SR886975,0+45
SR886976,0
SR886977,0
SR886978,0
SR886979,0
SR887970,45
SR887971,0+45
SR887972,0+45
SR887973,0+45
SR887974,0+45
SR887975,0+45
SR887976,0+45
SR887977,0+45
SR887978,0
SR887979,0+45
SR888970,45
SR888971,45
SR888972,45
SR888973,45
SR888974,0+45
SR888975,45
SR888976,0+45
SR888977,0+45
SR888978,0+45
SR888979,0+45
SR889970,45
SR889971,45
SR889972,45
SR889973,45
SR889974,45
SR889975,45
SR889976,45
SR889977,45
SR889978,45
SR889979,45
SR8996,45
SR8997,45
SR89Z,0+45
SR8898,0+45
SR880980,0
SR880981,0
SR880982,0
SR880983,0
SR880984,0
SR880985,0
SR880986,0
SR880987,0
SR880988,0
SR880989,0
SR881980,0
SR881981,0
SR881982,0
SR881983,0
SR881984,0
SR881985,0
SR881986,0
SR881987,0
SR881988,0
SR881989,0
SR882980,0
SR882981,0
SR882982,0
SR882983,0
SR882984,0
SR882985,0
SR882986,0
SR882987,0
SR882988,0
SR882989,0
SR883980,0
SR883981,0
SR883982,0
SR883983,0
SR883984,0
SR883985,0
SR883986,0
SR883987,0
SR883988,0
SR883989,0
SR884980,0
SR884981,0
SR884982,0
SR884983,0
SR884984,0
SR884985,0
SR884986,0+45
SR884987,0+45
SR884988,0+45
SR884989,0+45
SR885980,0
SR885981,0
SR885982,0
SR885983,0
SR885984,0+45
SR885985,0+45
SR885986,0+45
SR885987,45
SR885988,45
SR885989,45
SR886980,0
SR886981,0+45
SR886982,0+45
SR886983,0+45
SR886984,0+45
SR886985,45
SR886986,45
SR886987,45
SR886988,45
SR886989,45
SR887980,0+45
SR887981,45
SR887982,45
SR887983,45
SR887984,45
SR887985,45
SR887986,45
SR887987,45
SR887988,45
SR887989,45
SR888980,45
SR888981,45
SR888982,45
SR888983,45
SR888984,45
SR888985,45
SR888986,45
SR888987,45
SR888988,45
SR888989,45
SR889980,45
SR889981,45
SR889982,45
SR889983,45
SR889984,45
SR889985,45
SR889986,45
SR889987,45
SR889988,45
SR889989,45
SR8899,0+45
SR880990,0
SR880991,0
SR880992,0
SR880993,0
SR880994,0
SR880995,0
SR880996,0
SR880997,0
SR880998,0+45
SR880999,0+45
SR881990,0
SR881991,0
SR881992,0
SR881993,0
SR881994,0+45
SR881995,0+45
SR881996,0+45
SR881997,0+45
SR881998,0+45
SR881999,45
SR882990,0
SR882991,0
SR882992,0+45
SR882993,0+45
SR882994,0+45
SR882995,0+45
SR882996,45
SR882997,45
SR882998,45
SR882999,45
SR883990,0+45
SR883991,0+45
SR883992,0+45
SR883993,45
SR883994,45
SR883995,45
SR883996,45
SR883997,45
SR883998,45
SR883999,45
SR884990,0+45
SR884991,0+45
SR884992,45
SR884993,45
SR884994,45
SR884995,45
SR884996,45
SR884997,45
SR884998,45
SR884999,45
SR885990,45
SR885991,45
SR885992,45
SR885993,45
SR885994,45
SR885995,45
SR885996,45
SR885997,45
SR885998,45
SR885999,45
SR886990,45
SR886991,45
SR886992,45
SR886993,45
SR886994,45
SR886995,45
SR886996,45
SR886997,45
SR886998,45
SR886999,45
SR887990,45
SR887991,45
SR887992,45
SR887993,45
SR887994,45
SR887995,45
SR887996,45
SR887997,45
SR887998,45
SR887999,45
SR888990,45
SR888991,45
SR888992,45
SR888993,45
SR888994,45
SR888995,45
SR888996,45
SR888997,45
SR888998,45
SR888999,45
SR889990,45
SR889991,45
SR889992,45
SR889993,45
SR889994,45
SR889995,45
SR889996,45
SR889997,45
SR889998,45
SR889999,45
SR8998,45
SR8999,45
SR90,0
SR91,0
SR92,0
SR93,0
SR94,0
SR95,0
SR96,0
SR97,0
SR98,0
SR99,0+45
SR99SW,0+45
SR99NW,0+45
SR99SE,0+45
SR99NE,0+45
SR99A,0
SR99B,0
SR99C,0+45
SR9094,0+45
SR900940,0
SR900941,0
SR900942,0
SR900943,0
SR900944,0
SR900945,0
SR900946,0
SR900947,0
SR900948,0
SR900949,0
SR901940,0
SR901941,0
SR901942,0
SR901943,0
SR901944,0
SR901945,0
SR901946,0
SR901947,0
SR901948,0
SR901949,0
SR902940,0
SR902941,0
SR902942,0
SR902943,0
SR902944,0
SR902945,0
SR902946,0
SR902947,0
SR902948,0
SR902949,0
SR903940,0
SR903941,0
SR903942,0
SR903943,0
SR903944,0
SR903945,0
SR903946,0
SR903947,0
SR903948,0
SR903949,0
SR904940,0
SR904941,0
SR904942,0
SR904943,0
SR904944,0
SR904945,0
SR904946,0
SR904947,0
SR904948,0
SR904949,0
SR905940,0
SR905941,0
SR905942,0
SR905943,0
SR905944,0
SR905945,0
SR905946,0
SR905947,0
SR905948,0
SR905949,0+45
SR906940,0
SR906941,0
SR906942,0
SR906943,0
SR906944,0
SR906945,0
SR906946,0
SR906947,0
SR906948,0
SR906949,0+45
SR907940,0
SR907941,0
SR907942,0
SR907943,0
SR907944,0
SR907945,0
SR907946,0
SR907947,0
SR907948,0
SR907949,0+45
SR908940,0
SR908941,0
SR908942,0
SR908943,0
SR908944,0
SR908945,0
SR908946,0
SR908947,0
SR908948,0
SR908949,0+45
SR909940,0
SR909941,0
SR909942,0
SR909943,0
SR909944,0
SR909945,0
SR909946,0
SR909947,0
SR909948,0+45
SR909949,0+45
SR9095,0+45
SR900950,0
SR900951,0
SR900952,0+45
SR900953,0+45
SR900954,45
SR900955,45
SR900956,45
SR900957,45
SR900958,45
SR900959,45
SR901950,0
SR901951,0
SR901952,0+45
SR901953,0+45
SR901954,45
SR901955,45
SR901956,45
SR901957,45
SR901958,45
SR901959,45
SR902950,0
SR902951,0+45
SR902952,0+45
SR902953,45
SR902954,45
SR902955,45
SR902956,45
SR902957,45
SR902958,45
SR902959,45
SR903950,0+45
SR903951,0+45
SR903952,45
SR903953,45
SR903954,45
SR903955,45
SR903956,45
SR903957,45
SR903958,45
SR903959,45
SR904950,0+45
SR904951,45
SR904952,45
SR904953,45
SR904954,45
SR904955,45
SR904956,45
SR904957,45
SR904958,45
SR904959,45
SR905950,0+45
SR905951,45
SR905952,45
SR905953,45
SR905954,45
SR905955,45
SR905956,45
SR905957,45
SR905958,45
SR905959,45
SR906950,45
SR906951,45
SR906952,45
SR906953,45
SR906954,45
SR906955,45
SR906956,45
SR906957,45
SR906958,45
SR906959,45
SR907950,45
SR907951,45
SR907952,45
SR907953,45
SR907954,45
SR907955,45
SR907956,45
SR907957,45
SR907958,45
SR907959,45
SR908950,45
SR908951,45
SR908952,45
SR908953,45
SR908954,45
SR908955,45
SR908956,45
SR908957,45
SR908958,45
SR908959,45
SR909950,45
SR909951,45
SR909952,45
SR909953,45
SR909954,45
SR909955,45
SR909956,45
SR909957,45
SR909958,45
SR909959,45
SR9194,0+45
SR910940,0
SR910941,0
SR910942,0
SR910943,0
SR910944,0
SR910945,0
SR910946,0
SR910947,0+45
SR910948,0+45
SR910949,45
SR911940,0
SR911941,0
SR911942,0
SR911943,0
SR911944,0
SR911945,0
SR911946,0+45
SR911947,0+45
SR911948,45
SR911949,45
SR912940,0
SR912941,0
SR912942,0
SR912943,0
SR912944,0
SR912945,0+45
SR912946,45
SR912947,45
SR912948,45
SR912949,45
SR913940,0
SR913941,0
SR913942,0
SR913943,0
SR913944,0+45
SR913945,0+45
SR913946,45
SR913947,45
SR913948,45
SR913949,45
SR914940,0
SR914941,0
SR914942,0
SR914943,0+45
SR914944,0+45
SR914945,45
SR914946,45
SR914947,45
SR914948,45
SR914949,45
SR915940,0
SR915941,0
SR915942,0
SR915943,0+45
SR915944,45
SR915945,45
SR915946,45
SR915947,45
SR915948,45
SR915949,45
SR916940,0
SR916941,0
SR916942,0+45
SR916943,0+45
SR916944,45
SR916945,45
SR916946,45
SR916947,45
SR916948,45
SR916949,45
SR917940,0
SR917941,0
SR917942,0+45
SR917943,0+45
SR917944,45
SR917945,45
SR917946,45
SR917947,45
SR917948,45
SR917949,45
SR918940,0
SR918941,0
SR918942,0+45
SR918943,45
SR918944,45
SR918945,45
SR918946,45
SR918947,45
SR918948,45
SR918949,45
SR919940,0
SR919941,0
SR919942,0+45
SR919943,0+45
SR919944,45
SR919945,45
SR919946,45
SR919947,45
SR919948,45
SR919949,45
SR9195,45
SR99D,45
SR99E,45
SR99F,0
SR99G,0
SR99H,0+45
SR9294,0+45
SR920940,0
SR920941,0
SR920942,0+45
SR920943,0+45
SR920944,45
SR920945,45
SR920946,45
SR920947,45
SR920948,45
SR920949,45
SR921940,0
SR921941,0
SR921942,0
SR921943,0+45
SR921944,0+45
SR921945,45
SR921946,45
SR921947,45
SR921948,45
SR921949,45
SR922940,0
SR922941,0
SR922942,0
SR922943,0
SR922944,0+45
SR922945,45
SR922946,45
SR922947,45
SR922948,45
SR922949,45
SR923940,0
SR923941,0
SR923942,0
SR923943,0
SR923944,0+45
SR923945,45
SR923946,45
SR923947,45
SR923948,45
SR923949,45
SR924940,0
SR924941,0
SR924942,0
SR924943,0+45
SR924944,0+45
SR924945,45
SR924946,45
SR924947,45
SR924948,45
SR924949,45
SR925940,0
SR925941,0
SR925942,0
SR925943,0+45
SR925944,0+45
SR925945,45
SR925946,45
SR925947,45
SR925948,45
SR925949,45
SR926940,0
SR926941,0
SR926942,0
SR926943,0
SR926944,0+45
SR926945,0+45
SR926946,45
SR926947,45
SR926948,45
SR926949,45
SR927940,0
SR927941,0
SR927942,0
SR927943,0
SR927944,0+45
SR927945,0+45
SR927946,45
SR927947,45
SR927948,45
SR927949,45
SR928940,0
SR928941,0
SR928942,0
SR928943,0
SR928944,0+45
SR928945,0+45
SR928946,45
SR928947,45
SR928948,45
SR928949,45
SR929940,0
SR929941,0
SR929942,0
SR929943,0
SR929944,0+45
SR929945,0+45
SR929946,45
SR929947,45
SR929948,45
SR929949,45
SR9295,45
SR9394,0+45
SR930940,0
SR930941,0
SR930942,0
SR930943,0
SR930944,0+45
SR930945,0+45
SR930946,45
SR930947,45
SR930948,45
SR930949,45
SR931940,0
SR931941,0
SR931942,0
SR931943,0
SR931944,0
SR931945,0+45
SR931946,45
SR931947,45
SR931948,45
SR931949,45
SR932940,0
SR932941,0
SR932942,0
SR932943,0
SR932944,0
SR932945,0+45
SR932946,45
SR932947,45
SR932948,45
SR932949,45
SR933940,0
SR933941,0
SR933942,0
SR933943,0
SR933944,0+45
SR933945,0+45
SR933946,45
SR933947,45
SR933948,45
SR933949,45
SR934940,0
SR934941,0
SR934942,0
SR934943,0
SR934944,0+45
SR934945,45
SR934946,45
SR934947,45
SR934948,45
SR934949,45
SR935940,0
SR935941,0
SR935942,0+45
SR935943,0+45
SR935944,0+45
SR935945,45
SR935946,45
SR935947,45
SR935948,45
SR935949,45
SR936940,0
SR936941,0
SR936942,0+45
SR936943,45
SR936944,45
SR936945,45
SR936946,45
SR936947,45
SR936948,45
SR936949,45
SR937940,0
SR937941,0
SR937942,0+45
SR937943,0+45
SR937944,45
SR937945,45
SR937946,45
SR937947,45
SR937948,45
SR937949,45
SR938940,0
SR938941,0
SR938942,0+45
SR938943,45
SR938944,45
SR938945,45
SR938946,45
SR938947,45
SR938948,45
SR938949,45
SR939940,0
SR939941,0
SR939942,0+45
SR939943,0+45
SR939944,45
SR939945,45
SR939946,45
SR939947,45
SR939948,45
SR939949,45
SR9395,45
SR99I,45
SR99J,45
SR99K,0
SR99L,0+45
SR9492,0
SR9493,0+45
SR940930,0
SR940931,0
SR940932,0
SR940933,0
SR940934,0
SR940935,0
SR940936,0
SR940937,0
SR940938,0
SR940939,0
SR941930,0
SR941931,0
SR941932,0
SR941933,0
SR941934,0
SR941935,0
SR941936,0
SR941937,0
SR941938,0+45
SR941939,0+45
SR942930,0
SR942931,0
SR942932,0
SR942933,0
SR942934,0
SR942935,0
SR942936,0
SR942937,0
SR942938,0+45
SR942939,45
SR943930,0
SR943931,0
SR943932,0
SR943933,0
SR943934,0
SR943935,0
SR943936,0
SR943937,0
SR943938,0+45
SR943939,45
SR944930,0
SR944931,0
SR944932,0
SR944933,0
SR944934,0
SR944935,0
SR944936,0
SR944937,0
SR944938,0+45
SR944939,45
SR945930,0
SR945931,0
SR945932,0
SR945933,0
SR945934,0
SR945935,0
SR945936,0
SR945937,0+45
SR945938,0+45
SR945939,45
SR946930,0
SR946931,0
SR946932,0
SR946933,0
SR946934,0
SR946935,0
SR946936,0
SR946937,0+45
SR946938,0+45
SR946939,45
SR947930,0
SR947931,0
SR947932,0
SR947933,0
SR947934,0
SR947935,0
SR947936,0
SR947937,0+45
SR947938,45
SR947939,45
SR948930,0
SR948931,0
SR948932,0
SR948933,0
SR948934,0
SR948935,0
SR948936,0
SR948937,0+45
SR948938,0+45
SR948939,45
SR949930,0
SR949931,0
SR949932,0
SR949933,0
SR949934,0
SR949935,0
SR949936,0+45
SR949937,0+45
SR949938,45
SR949939,45
SR9592,0+45
SR950920,0
SR950921,0
SR950922,0
SR950923,0
SR950924,0
SR950925,0
SR950926,0
SR950927,0
SR950928,0
SR950929,0
SR951920,0
SR951921,0
SR951922,0
SR951923,0
SR951924,0
SR951925,0
SR951926,0
SR951927,0
SR951928,0
SR951929,0
SR952920,0
SR952921,0
SR952922,0
SR952923,0
SR952924,0
SR952925,0
SR952926,0
SR952927,0
SR952928,0
SR952929,0
SR953920,0
SR953921,0
SR953922,0
SR953923,0
SR953924,0
SR953925,0
SR953926,0
SR953927,0
SR953928,0
SR953929,0
SR954920,0
SR954921,0
SR954922,0
SR954923,0
SR954924,0
SR954925,0
SR954926,0
SR954927,0
SR954928,0
SR954929,0
SR955920,0
SR955921,0
SR955922,0
SR955923,0
SR955924,0
SR955925,0
SR955926,0
SR955927,0
SR955928,0
SR955929,0
SR956920,0
SR956921,0
SR956922,0
SR956923,0
SR956924,0
SR956925,0
SR956926,0
SR956927,0
SR956928,0
SR956929,0
SR957920,0
SR957921,0
SR957922,0
SR957923,0
SR957924,0
SR957925,0
SR957926,0
SR957927,0
SR957928,0
SR957929,0
SR958920,0
SR958921,0
SR958922,0
SR958923,0
SR958924,0
SR958925,0
SR958926,0
SR958927,0
SR958928,0+45
SR958929,0+45
SR959920,0
SR959921,0
SR959922,0
SR959923,0
SR959924,0
SR959925,0
SR959926,0
SR959927,0
SR959928,0+45
SR959929,0+45
SR9593,0+45
SR950930,0
SR950931,0
SR950932,0
SR950933,0
SR950934,0
SR950935,0
SR950936,0+45
SR950937,45
SR950938,45
SR950939,45
SR951930,0
SR951931,0
SR951932,0
SR951933,0
SR951934,0
SR951935,0
SR951936,0+45
SR951937,45
SR951938,45
SR951939,45
SR952930,0
SR952931,0
SR952932,0
SR952933,0
SR952934,0
SR952935,0+45
SR952936,0+45
SR952937,45
SR952938,45
SR952939,45
SR953930,0
SR953931,0
SR953932,0+45
SR953933,0+45
SR953934,0+45
SR953935,0+45
SR953936,45
SR953937,45
SR953938,45
SR953939,45
SR954930,0
SR954931,0
SR954932,0+45
SR954933,0+45
SR954934,0+45
SR954935,0+45
SR954936,45
SR954937,45
SR954938,45
SR954939,45
SR955930,0
SR955931,0+45
SR955932,0+45
SR955933,0+45
SR955934,45
SR955935,45
SR955936,45
SR955937,45
SR955938,45
SR955939,45
SR956930,0+45
SR956931,0+45
SR956932,45
SR956933,45
SR956934,45
SR956935,45
SR956936,45
SR956937,45
SR956938,45
SR956939,45
SR957930,0
SR957931,0+45
SR957932,45
SR957933,45
SR957934,45
SR957935,45
SR957936,45
SR957937,45
SR957938,45
SR957939,45
SR958930,0+45
SR958931,0+45
SR958932,45
SR958933,45
SR958934,45
SR958935,45
SR958936,45
SR958937,45
SR958938,45
SR958939,45
SR959930,45
SR959931,45
SR959932,45
SR959933,45
SR959934,45
SR959935,45
SR959936,45
SR959937,45
SR959938,45
SR959939,45
SR99M,0+45
SR9494,0+45
SR940940,0+45
SR940941,0+45
SR940942,0+45
SR940943,0+45
SR940944,45
SR940945,45
SR940946,45
SR940947,45
SR940948,45
SR940949,45
SR941940,0+45
SR941941,0+45
SR941942,0+45
SR941943,45
SR941944,45
SR941945,45
SR941946,45
SR941947,45
SR941948,45
SR941949,45
SR942940,45
SR942941,45
SR942942,45
SR942943,45
SR942944,45
SR942945,45
SR942946,45
SR942947,45
SR942948,45
SR942949,45
SR943940,45
SR943941,45
SR943942,45
SR943943,45
SR943944,45
SR943945,45
SR943946,45
SR943947,45
SR943948,45
SR943949,45
SR944940,45
SR944941,45
SR944942,45
SR944943,45
SR944944,45
SR944945,45
SR944946,45
SR944947,45
SR944948,45
SR944949,45
SR945940,45
SR945941,45
SR945942,45
SR945943,45
SR945944,45
SR945945,45
SR945946,45
SR945947,45
SR945948,45
SR945949,45
SR946940,45
SR946941,45
SR946942,45
SR946943,45
SR946944,45
SR946945,45
SR946946,45
SR946947,45
SR946948,45
SR946949,45
SR947940,45
SR947941,45
SR947942,45
SR947943,45
SR947944,45
SR947945,45
SR947946,45
SR947947,45
SR947948,45
SR947949,45
SR948940,45
SR948941,45
SR948942,45
SR948943,45
SR948944,45
SR948945,45
SR948946,45
SR948947,45
SR948948,45
SR948949,45
SR949940,45
SR949941,45
SR949942,45
SR949943,45
SR949944,45
SR949945,45
SR949946,45
SR949947,45
SR949948,45
SR949949,45
SR9495,45
SR9594,45
SR9595,45
SR99N,45
SR99P,45
SR99Q,0
SR99R,0+45
SR9692,0+45
SR960920,0
SR960921,0
SR960922,0
SR960923,0
SR960924,0
SR960925,0
SR960926,0
SR960927,0+45
SR960928,0+45
SR960929,45
SR961920,0
SR961921,0
SR961922,0
SR961923,0
SR961924,0
SR961925,0
SR961926,0
SR961927,0+45
SR961928,0+45
SR961929,45
SR962920,0
SR962921,0
SR962922,0
SR962923,0
SR962924,0
SR962925,0
SR962926,0
SR962927,0
SR962928,0+45
SR962929,45
SR963920,0
SR963921,0
SR963922,0
SR963923,0
SR963924,0
SR963925,0
SR963926,0
SR963927,0+45
SR963928,0+45
SR963929,0+45
SR964920,0
SR964921,0
SR964922,0
SR964923,0
SR964924,0
SR964925,0
SR964926,0
SR964927,0
SR964928,0+45
SR964929,45
SR965920,0
SR965921,0
SR965922,0
SR965923,0
SR965924,0
SR965925,0
SR965926,0
SR965927,0+45
SR965928,0+45
SR965929,45
SR966920,0
SR966921,0
SR966922,0
SR966923,0
SR966924,0
SR966925,0
SR966926,0
SR966927,0+45
SR966928,0+45
SR966929,45
SR967920,0
SR967921,0
SR967922,0
SR967923,0
SR967924,0
SR967925,0
SR967926,0
SR967927,0
SR967928,0+45
SR967929,0+45
SR968920,0
SR968921,0
SR968922,0
SR968923,0
SR968924,0
SR968925,0
SR968926,0
SR968927,0
SR968928,0
SR968929,0+45
SR969920,0
SR969921,0
SR969922,0
SR969923,0
SR969924,0
SR969925,0
SR969926,0
SR969927,0
SR969928,0
SR969929,0+45
SR9693,0+45
SR960930,45
SR960931,45
SR960932,45
SR960933,45
SR960934,45
SR960935,45
SR960936,45
SR960937,45
SR960938,45
SR960939,45
SR961930,45
SR961931,45
SR961932,45
SR961933,45
SR961934,45
SR961935,45
SR961936,45
SR961937,45
SR961938,45
SR961939,45
SR962930,45
SR962931,45
SR962932,45
SR962933,45
SR962934,45
SR962935,45
SR962936,45
SR962937,45
SR962938,45
SR962939,45
SR963930,0+45
SR963931,45
SR963932,45
SR963933,45
SR963934,45
SR963935,45
SR963936,45
SR963937,45
SR963938,45
SR963939,45
SR964930,45
SR964931,45
SR964932,45
SR964933,45
SR964934,45
SR964935,45
SR964936,45
SR964937,45
SR964938,45
SR964939,45
SR965930,45
SR965931,45
SR965932,45
SR965933,45
SR965934,45
SR965935,45
SR965936,45
SR965937,45
SR965938,45
SR965939,45
SR966930,45
SR966931,45
SR966932,45
SR966933,45
SR966934,45
SR966935,45
SR966936,45
SR966937,45
SR966938,45
SR966939,45
SR967930,45
SR967931,45
SR967932,45
SR967933,45
SR967934,45
SR967935,45
SR967936,45
SR967937,45
SR967938,45
SR967939,45
SR968930,45
SR968931,45
SR968932,45
SR968933,45
SR968934,45
SR968935,45
SR968936,45
SR968937,45
SR968938,45
SR968939,45
SR969930,45
SR969931,45
SR969932,45
SR969933,45
SR969934,45
SR969935,45
SR969936,45
SR969937,45
SR969938,45
SR969939,45
SR9792,0+45
SR970920,0
SR970921,0
SR970922,0
SR970923,0
SR970924,0
SR970925,0
SR970926,0
SR970927,0
SR970928,0
SR970929,0+45
SR971920,0
SR971921,0
SR971922,0
SR971923,0
SR971924,0
SR971925,0
SR971926,0
SR971927,0
SR971928,0
SR971929,0+45
SR972920,0
SR972921,0
SR972922,0
SR972923,0
SR972924,0
SR972925,0
SR972926,0
SR972927,0
SR972928,0+45
SR972929,45
SR973920,0
SR973921,0
SR973922,0
SR973923,0
SR973924,0
SR973925,0
SR973926,0+45
SR973927,0+45
SR973928,0+45
SR973929,45
SR974920,0
SR974921,0
SR974922,0
SR974923,0
SR974924,0
SR974925,0
SR974926,0+45
SR974927,45
SR974928,45
SR974929,0+45
SR975920,0
SR975921,0
SR975922,0
SR975923,0
SR975924,0
SR975925,0
SR975926,0+45
SR975927,0+45
SR975928,0+45
SR975929,0+45
SR976920,0
SR976921,0
SR976922,0
SR976923,0
SR976924,0
SR976925,0
SR976926,0
SR976927,0+45
SR976928,0+45
SR976929,0
SR977920,0
SR977921,0
SR977922,0
SR977923,0
SR977924,0
SR977925,0
SR977926,0
SR977927,0
SR977928,0
SR977929,0
SR978920,0
SR978921,0
SR978922,0
SR978923,0
SR978924,0
SR978925,0
SR978926,0
SR978927,0
SR978928,0
SR978929,0
SR979920,0
SR979921,0
SR979922,0
SR979923,0
SR979924,0
SR979925,0
SR979926,0
SR979927,0
SR979928,0
SR979929,0
SR9793,0+45
SR970930,45
SR970931,45
SR970932,45
SR970933,45
SR970934,45
SR970935,45
SR970936,45
SR970937,45
SR970938,45
SR970939,45
SR971930,45
SR971931,45
SR971932,45
SR971933,45
SR971934,45
SR971935,45
SR971936,45
SR971937,45
SR971938,45
SR971939,45
SR972930,45
SR972931,45
SR972932,45
SR972933,45
SR972934,45
SR972935,45
SR972936,45
SR972937,45
SR972938,45
SR972939,45
SR973930,45
SR973931,45
SR973932,45
SR973933,45
SR973934,45
SR973935,45
SR973936,45
SR973937,45
SR973938,45
SR973939,45
SR974930,0+45
SR974931,0+45
SR974932,45
SR974933,45
SR974934,45
SR974935,45
SR974936,45
SR974937,45
SR974938,45
SR974939,45
SR975930,0+45
SR975931,0+45
SR975932,0+45
SR975933,45
SR975934,45
SR975935,45
SR975936,45
SR975937,45
SR975938,45
SR975939,45
SR976930,0
SR976931,0
SR976932,0+45
SR976933,0+45
SR976934,0+45
SR976935,0+45
SR976936,0+45
SR976937,45
SR976938,45
SR976939,45
SR977930,0
SR977931,0
SR977932,0
SR977933,0
SR977934,0+45
SR977935,0+45
SR977936,0+45
SR977937,0+45
SR977938,45
SR977939,45
SR978930,0
SR978931,0
SR978932,0
SR978933,0
SR978934,0
SR978935,0
SR978936,0
SR978937,0+45
SR978938,0+45
SR978939,45
SR979930,0
SR979931,0
SR979932,0
SR979933,0
SR979934,0
SR979935,0
SR979936,0
SR979937,0
SR979938,0+45
SR979939,0+45
SR99S,45
SR99T,45
SR99U,45
SR99V,0
SR99W,0+45
SR9892,0
SR9893,0+45
SR980930,0
SR980931,0
SR980932,0
SR980933,0
SR980934,0
SR980935,0
SR980936,0
SR980937,0
SR980938,0
SR980939,0+45
SR981930,0
SR981931,0
SR981932,0
SR981933,0
SR981934,0
SR981935,0
SR981936,0
SR981937,0
SR981938,0+45
SR981939,0+45
SR982930,0
SR982931,0
SR982932,0
SR982933,0
SR982934,0
SR982935,0
SR982936,0
SR982937,0
SR982938,0
SR982939,0+45
SR983930,0
SR983931,0
SR983932,0
SR983933,0
SR983934,0
SR983935,0
SR983936,0
SR983937,0
SR983938,0
SR983939,0+45
SR984930,0
SR984931,0
SR984932,0
SR984933,0
SR984934,0
SR984935,0
SR984936,0
SR984937,0
SR984938,0
SR984939,0
SR985930,0
SR985931,0
SR985932,0
SR985933,0
SR985934,0
SR985935,0
SR985936,0
SR985937,0
SR985938,0
SR985939,0
SR986930,0
SR986931,0
SR986932,0
SR986933,0
SR986934,0
SR986935,0
SR986936,0
SR986937,0
SR986938,0
SR986939,0
SR987930,0
SR987931,0
SR987932,0
SR987933,0
SR987934,0
SR987935,0
SR987936,0
SR987937,0
SR987938,0
SR987939,0
SR988930,0
SR988931,0
SR988932,0
SR988933,0
SR988934,0
SR988935,0
SR988936,0
SR988937,0
SR988938,0
SR988939,0
SR989930,0
SR989931,0
SR989932,0
SR989933,0
SR989934,0
SR989935,0
SR989936,0
SR989937,0
SR989938,0
SR989939,0
SR9992,0
SR9993,0
SR99X,0+45
SR9894,0+45
SR980940,45
SR980941,45
SR980942,45
SR980943,45
SR980944,45
SR980945,45
SR980946,45
SR980947,45
SR980948,45
SR980949,45
SR981940,45
SR981941,45
SR981942,45
SR981943,45
SR981944,45
SR981945,45
SR981946,45
SR981947,45
SR981948,45
SR981949,45
SR982940,45
SR982941,45
SR982942,45
SR982943,45
SR982944,45
SR982945,45
SR982946,45
SR982947,45
SR982948,45
SR982949,45
SR983940,0+45
SR983941,0+45
SR983942,0+45
SR983943,45
SR983944,45
SR983945,45
SR983946,45
SR983947,45
SR983948,45
SR983949,45
SR984940,0
SR984941,0+45
SR984942,0+45
SR984943,45
SR984944,45
SR984945,45
SR984946,45
SR984947,45
SR984948,45
SR984949,45
SR985940,0
SR985941,0+45
SR985942,0+45
SR985943,45
SR985944,45
SR985945,45
SR985946,45
SR985947,45
SR985948,45
SR985949,45
SR986940,0
SR986941,0
SR986942,0+45
SR986943,0+45
SR986944,45
SR986945,45
SR986946,45
SR986947,45
SR986948,45
SR986949,45
SR987940,0
SR987941,0
SR987942,0
SR987943,0+45
SR987944,45
SR987945,45
SR987946,45
SR987947,45
SR987948,45
SR987949,45
SR988940,0
SR988941,0
SR988942,0
SR988943,0+45
SR988944,45
SR988945,45
SR988946,45
SR988947,45
SR988948,45
SR988949,45
SR989940,0
SR989941,0
SR989942,0
SR989943,0+45
SR989944,45
SR989945,45
SR989946,45
SR989947,45
SR989948,45
SR989949,45
SR9895,45
SR9994,0+45
SR990940,0
SR990941,0
SR990942,0
SR990943,0+45
SR990944,45
SR990945,45
SR990946,45
SR990947,45
SR990948,45
SR990949,45
SR991940,0
SR991941,0+45
SR991942,0+45
SR991943,0+45
SR991944,45
SR991945,45
SR991946,45
SR991947,45
SR991948,0+45
SR991949,0+45
SR992940,0
SR992941,0+45
SR992942,0+45
SR992943,45
SR992944,45
SR992945,0+45
SR992946,0+45
SR992947,0+45
SR992948,0+45
SR992949,0
SR993940,0
SR993941,0+45
SR993942,0+45
SR993943,45
SR993944,45
SR993945,0+45
SR993946,0
SR993947,0+45
SR993948,0+45
SR993949,0
SR994940,0
SR994941,0+45
SR994942,45
SR994943,45
SR994944,0+45
SR994945,0+45
SR994946,0
SR994947,0
SR994948,0
SR994949,0
SR995940,0
SR995941,0+45
SR995942,0+45
SR995943,0+45
SR995944,0+45
SR995945,0
SR995946,0
SR995947,0
SR995948,0
SR995949,0
SR996940,0
SR996941,0
SR996942,0
SR996943,0
SR996944,0
SR996945,0
SR996946,0
SR996947,0
SR996948,0
SR996949,0
SR997940,0
SR997941,0
SR997942,0
SR997943,0
SR997944,0
SR997945,0
SR997946,0
SR997947,0
SR997948,0
SR997949,0
SR998940,0
SR998941,0
SR998942,0
SR998943,0
SR998944,0
SR998945,0
SR998946,0
SR998947,0
SR998948,0
SR998949,0
SR999940,0
SR999941,0
SR999942,0
SR999943,0
SR999944,0
SR999945,0
SR999946,0
SR999947,0
SR999948,0
SR999949,0
SR9995,0+45
SR990950,45
SR990951,45
SR990952,45
SR990953,45
SR990954,45
SR990955,45
SR990956,45
SR990957,45
SR990958,45
SR990959,45
SR991950,0+45
SR991951,0+45
SR991952,45
SR991953,45
SR991954,45
SR991955,45
SR991956,45
SR991957,45
SR991958,45
SR991959,45
SR992950,0
SR992951,0+45
SR992952,0+45
SR992953,45
SR992954,45
SR992955,45
SR992956,45
SR992957,45
SR992958,45
SR992959,45
SR993950,0
SR993951,0
SR993952,0+45
SR993953,0+45
SR993954,45
SR993955,45
SR993956,0+45
SR993957,0+45
SR993958,45
SR993959,45
SR994950,0
SR994951,0
SR994952,0
SR994953,0+45
SR994954,0+45
SR994955,0+45
SR994956,0+45
SR994957,0+45
SR994958,0+45
SR994959,0+45
SR995950,0
SR995951,0
SR995952,0
SR995953,0
SR995954,0+45
SR995955,0
SR995956,0
SR995957,0
SR995958,0
SR995959,0+45
SR996950,0
SR996951,0
SR996952,0
SR996953,0
SR996954,0
SR996955,0
SR996956,0
SR996957,0
SR996958,0
SR996959,0+45
SR997950,0
SR997951,0
SR997952,0
SR997953,0
SR997954,0
SR997955,0
SR997956,0
SR997957,0
SR997958,0
SR997959,0
SR998950,0
SR998951,0
SR998952,0
SR998953,0
SR998954,0
SR998955,0
SR998956,0
SR998957,0
SR998958,0
SR998959,0
SR999950,0
SR999951,0
SR999952,0
SR999953,0
SR999954,0
SR999955,0
SR999956,0
SR999957,0
SR999958,0
SR999959,0
SR99Y,0+45
SR9896,45
SR9897,45
SR9996,0+45
SR990960,45
SR990961,45
SR990962,45
SR990963,45
SR990964,45
SR990965,45
SR990966,45
SR990967,45
SR990968,45
SR990969,45
SR991960,45
SR991961,45
SR991962,45
SR991963,45
SR991964,45
SR991965,45
SR991966,45
SR991967,45
SR991968,45
SR991969,45
SR992960,45
SR992961,45
SR992962,45
SR992963,45
SR992964,45
SR992965,45
SR992966,45
SR992967,45
SR992968,45
SR992969,45
SR993960,45
SR993961,45
SR993962,45
SR993963,45
SR993964,45
SR993965,45
SR993966,45
SR993967,45
SR993968,45
SR993969,45
SR994960,45
SR994961,45
SR994962,45
SR994963,45
SR994964,45
SR994965,45
SR994966,45
SR994967,45
SR994968,45
SR994969,45
SR995960,0+45
SR995961,45
SR995962,45
SR995963,45
SR995964,45
SR995965,45
SR995966,45
SR995967,45
SR995968,45
SR995969,45
SR996960,0+45
SR996961,0+45
SR996962,45
SR996963,45
SR996964,45
SR996965,45
SR996966,45
SR996967,45
SR996968,45
SR996969,45
SR997960,0
SR997961,0+45
SR997962,0+45
SR997963,45
SR997964,45
SR997965,45
SR997966,45
SR997967,45
SR997968,45
SR997969,45
SR998960,0
SR998961,0
SR998962,0+45
SR998963,45
SR998964,45
SR998965,45
SR998966,45
SR998967,45
SR998968,45
SR998969,45
SR999960,0
SR999961,0
SR999962,0+45
SR999963,0+45
SR999964,45
SR999965,45
SR999966,45
SR999967,45
SR999968,45
SR999969,45
SR9997,45
SR99Z,45
