TV,0+14
TV00,0
TV01,0
TV02,0
TV03,0
TV04,0
TV05,0
TV06,0
TV07,0
TV08,0
TV09,0
TV10,0
TV11,0
TV12,0
TV13,0
TV14,0
TV15,0
TV16,0
TV17,0
TV18,0
TV19,0
TV20,0
TV21,0
TV22,0
TV23,0
TV24,0
TV25,0
TV26,0
TV27,0
TV28,0
TV29,0
TV30,0
TV31,0
TV32,0
TV33,0
TV34,0
TV35,0
TV36,0
TV37,0
TV38,0
TV39,0
TV40,0
TV41,0
TV42,0
TV43,0
TV44,0
TV45,0
TV46,0
TV47,0
TV48,0
TV49,0+14
TV49SW,0
TV49NW,0+14
TV49SE,0
TV49NE,0+14
TV49A,0
TV49B,0
TV49C,0
TV49D,0
TV49E,0
TV49F,0
TV49G,0
TV49H,0
TV49I,0
TV49J,0+14
TV4298,0
TV4299,0
TV4398,0
TV4399,0+14
TV430990,0
TV430991,0
TV430992,0
TV430993,0
TV430994,0
TV430995,0
TV430996,0
TV430997,0
TV430998,0
TV430999,0
TV431990,0
TV431991,0
TV431992,0
TV431993,0
TV431994,0
TV431995,0
TV431996,0
TV431997,0
TV431998,0
TV431999,0
TV432990,0
TV432991,0
TV432992,0
TV432993,0
TV432994,0
TV432995,0
TV432996,0
TV432997,0
TV432998,0
TV432999,0+14
TV433990,0
TV433991,0
TV433992,0
TV433993,0
TV433994,0
TV433995,0
TV433996,0
TV433997,0
TV433998,0
TV433999,0+14
TV434990,0
TV434991,0
TV434992,0
TV434993,0
TV434994,0
TV434995,0
TV434996,0
TV434997,0
TV434998,0+14
TV434999,0+14
TV435990,0
TV435991,0
TV435992,0
TV435993,0
TV435994,0
TV435995,0
TV435996,0
TV435997,0
TV435998,0+14
TV435999,14
TV436990,0
TV436991,0
TV436992,0
TV436993,0
TV436994,0
TV436995,0
TV436996,0
TV436997,0+14
TV436998,14
TV436999,14
TV437990,0
TV437991,0
TV437992,0
TV437993,0
TV437994,0
TV437995,0
TV437996,0
TV437997,0+14
TV437998,14
TV437999,14
TV438990,0
TV438991,0
TV438992,0
TV438993,0
TV438994,0
TV438995,0
TV438996,0
TV438997,0+14
TV438998,0+14
TV438999,14
TV439990,0
TV439991,0
TV439992,0
TV439993,0
TV439994,0
TV439995,0
TV439996,0
TV439997,0
TV439998,0+14
TV439999,14
TV49K,0
TV49L,0
TV49M,0
TV49N,0
TV49P,0+14
TV4498,0
TV4499,0+14
TV440990,0
TV440991,0
TV440992,0
TV440993,0
TV440994,0
TV440995,0
TV440996,0
TV440997,0
TV440998,0+14
TV440999,14
TV441990,0
TV441991,0
TV441992,0
TV441993,0
TV441994,0
TV441995,0
TV441996,0
TV441997,0
TV441998,0+14
TV441999,14
TV442990,0
TV442991,0
TV442992,0
TV442993,0
TV442994,0
TV442995,0
TV442996,0
TV442997,0
TV442998,0+14
TV442999,14
TV443990,0
TV443991,0
TV443992,0
TV443993,0
TV443994,0
TV443995,0
TV443996,0
TV443997,0
TV443998,0+14
TV443999,14
TV444990,0
TV444991,0
TV444992,0
TV444993,0
TV444994,0
TV444995,0
TV444996,0
TV444997,0
TV444998,0+14
TV444999,14
TV445990,0
TV445991,0
TV445992,0
TV445993,0
TV445994,0
TV445995,0
TV445996,0
TV445997,0
TV445998,0+14
TV445999,14
TV446990,0
TV446991,0
TV446992,0
TV446993,0
TV446994,0
TV446995,0
TV446996,0
TV446997,0
TV446998,0+14
TV446999,14
TV447990,0
TV447991,0
TV447992,0
TV447993,0
TV447994,0
TV447995,0
TV447996,0
TV447997,0+14
TV447998,0+14
TV447999,14
TV448990,0
TV448991,0
TV448992,0
TV448993,0
TV448994,0
TV448995,0
TV448996,0+14
TV448997,0+14
TV448998,0+14
TV448999,14
TV449990,0
TV449991,0
TV449992,0
TV449993,0
TV449994,0
TV449995,0+14
TV449996,0+14
TV449997,0+14
TV449998,0
TV449999,0+14
TV4598,0
TV4599,0+14
TV450990,0
TV450991,0
TV450992,0
TV450993,0
TV450994,0+14
TV450995,0+14
TV450996,0
TV450997,0
TV450998,0
TV450999,0+14
TV451990,0
TV451991,0
TV451992,0
TV451993,0+14
TV451994,0+14
TV451995,0
TV451996,0
TV451997,0
TV451998,0
TV451999,0
TV452990,0
TV452991,0
TV452992,0
TV452993,0+14
TV452994,0+14
TV452995,0
TV452996,0
TV452997,0
TV452998,0+14
TV452999,0+14
TV453990,0
TV453991,0
TV453992,0
TV453993,0
TV453994,0
TV453995,0
TV453996,0
TV453997,0
TV453998,0+14
TV453999,0
TV454990,0
TV454991,0
TV454992,0
TV454993,0
TV454994,0
TV454995,0
TV454996,0
TV454997,0
TV454998,0
TV454999,0
TV455990,0
TV455991,0
TV455992,0
TV455993,0
TV455994,0
TV455995,0
TV455996,0
TV455997,0
TV455998,0
TV455999,0
TV456990,0
TV456991,0
TV456992,0
TV456993,0
TV456994,0
TV456995,0
TV456996,0
TV456997,0
TV456998,0
TV456999,0
TV457990,0
TV457991,0
TV457992,0
TV457993,0
TV457994,0
TV457995,0
TV457996,0
TV457997,0
TV457998,0
TV457999,0
TV458990,0
TV458991,0
TV458992,0
TV458993,0
TV458994,0
TV458995,0
TV458996,0
TV458997,0
TV458998,0
TV458999,0
TV459990,0
TV459991,0
TV459992,0
TV459993,0
TV459994,0
TV459995,0
TV459996,0
TV459997,0
TV459998,0
TV459999,0
TV49Q,0
TV49R,0
TV49S,0
TV49T,0
TV49U,0+14
TV4698,0
TV4699,0+14
TV460990,0
TV460991,0
TV460992,0
TV460993,0
TV460994,0
TV460995,0
TV460996,0
TV460997,0
TV460998,0
TV460999,0+14
TV461990,0
TV461991,0
TV461992,0
TV461993,0
TV461994,0
TV461995,0
TV461996,0
TV461997,0
TV461998,0
TV461999,0+14
TV462990,0
TV462991,0
TV462992,0
TV462993,0
TV462994,0
TV462995,0
TV462996,0
TV462997,0
TV462998,0+14
TV462999,0+14
TV463990,0
TV463991,0
TV463992,0
TV463993,0
TV463994,0
TV463995,0
TV463996,0
TV463997,0
TV463998,0+14
TV463999,14
TV464990,0
TV464991,0
TV464992,0
TV464993,0
TV464994,0
TV464995,0
TV464996,0
TV464997,0+14
TV464998,0+14
TV464999,14
TV465990,0
TV465991,0
TV465992,0
TV465993,0
TV465994,0
TV465995,0
TV465996,0
TV465997,0+14
TV465998,14
TV465999,14
TV466990,0
TV466991,0
TV466992,0
TV466993,0
TV466994,0
TV466995,0
TV466996,0+14
TV466997,0+14
TV466998,14
TV466999,14
TV467990,0
TV467991,0
TV467992,0
TV467993,0
TV467994,0
TV467995,0
TV467996,0+14
TV467997,14
TV467998,14
TV467999,14
TV468990,0
TV468991,0
TV468992,0
TV468993,0
TV468994,0
TV468995,0+14
TV468996,0+14
TV468997,14
TV468998,14
TV468999,14
TV469990,0
TV469991,0
TV469992,0
TV469993,0
TV469994,0+14
TV469995,0+14
TV469996,14
TV469997,14
TV469998,14
TV469999,14
TV4798,0+14
TV470980,0
TV470981,0
TV470982,0
TV470983,0
TV470984,0
TV470985,0
TV470986,0
TV470987,0
TV470988,0
TV470989,0
TV471980,0
TV471981,0
TV471982,0
TV471983,0
TV471984,0
TV471985,0
TV471986,0
TV471987,0
TV471988,0
TV471989,0
TV472980,0
TV472981,0
TV472982,0
TV472983,0
TV472984,0
TV472985,0
TV472986,0
TV472987,0
TV472988,0
TV472989,0
TV473980,0
TV473981,0
TV473982,0
TV473983,0
TV473984,0
TV473985,0
TV473986,0
TV473987,0
TV473988,0
TV473989,0
TV474980,0
TV474981,0
TV474982,0
TV474983,0
TV474984,0
TV474985,0
TV474986,0
TV474987,0
TV474988,0
TV474989,0
TV475980,0
TV475981,0
TV475982,0
TV475983,0
TV475984,0
TV475985,0
TV475986,0
TV475987,0
TV475988,0
TV475989,0
TV476980,0
TV476981,0
TV476982,0
TV476983,0
TV476984,0
TV476985,0
TV476986,0
TV476987,0
TV476988,0
TV476989,0+14
TV477980,0
TV477981,0
TV477982,0
TV477983,0
TV477984,0
TV477985,0
TV477986,0
TV477987,0
TV477988,0+14
TV477989,0+14
TV478980,0
TV478981,0
TV478982,0
TV478983,0
TV478984,0
TV478985,0
TV478986,0
TV478987,0
TV478988,0+14
TV478989,14
TV479980,0
TV479981,0
TV479982,0
TV479983,0
TV479984,0
TV479985,0
TV479986,0
TV479987,0+14
TV479988,0+14
TV479989,14
TV4799,0+14
TV470990,0
TV470991,0
TV470992,0
TV470993,0
TV470994,0+14
TV470995,14
TV470996,14
TV470997,14
TV470998,14
TV470999,14
TV471990,0
TV471991,0
TV471992,0
TV471993,0+14
TV471994,14
TV471995,14
TV471996,14
TV471997,14
TV471998,14
TV471999,14
TV472990,0
TV472991,0
TV472992,0+14
TV472993,0+14
TV472994,14
TV472995,14
TV472996,14
TV472997,14
TV472998,14
TV472999,14
TV473990,0
TV473991,0+14
TV473992,0+14
TV473993,14
TV473994,14
TV473995,14
TV473996,14
TV473997,14
TV473998,14
TV473999,14
TV474990,0
TV474991,0+14
TV474992,14
TV474993,14
TV474994,14
TV474995,14
TV474996,14
TV474997,14
TV474998,14
TV474999,14
TV475990,0+14
TV475991,0+14
TV475992,14
TV475993,14
TV475994,14
TV475995,14
TV475996,14
TV475997,14
TV475998,14
TV475999,14
TV476990,0+14
TV476991,14
TV476992,14
TV476993,14
TV476994,14
TV476995,14
TV476996,14
TV476997,14
TV476998,14
TV476999,14
TV477990,14
TV477991,14
TV477992,14
TV477993,14
TV477994,14
TV477995,14
TV477996,14
TV477997,14
TV477998,14
TV477999,14
TV478990,14
TV478991,14
TV478992,14
TV478993,14
TV478994,14
TV478995,14
TV478996,14
TV478997,14
TV478998,14
TV478999,14
TV479990,14
TV479991,14
TV479992,14
TV479993,14
TV479994,14
TV479995,14
TV479996,14
TV479997,14
TV479998,14
TV479999,14
TV49V,0
TV49W,0
TV49X,0
TV49Y,0+14
TV4896,0
TV4897,0
TV4996,0
TV4997,0+14
TV490970,0
TV490971,0
TV490972,0
TV490973,0
TV490974,0
TV490975,0
TV490976,0
TV490977,0
TV490978,0
TV490979,0+14
TV491970,0
TV491971,0
TV491972,0
TV491973,0
TV491974,0
TV491975,0
TV491976,0
TV491977,0+14
TV491978,0+14
TV491979,0+14
TV492970,0
TV492971,0
TV492972,0
TV492973,0
TV492974,0
TV492975,0
TV492976,0
TV492977,0+14
TV492978,14
TV492979,14
TV493970,0
TV493971,0
TV493972,0
TV493973,0
TV493974,0
TV493975,0
TV493976,0+14
TV493977,0+14
TV493978,14
TV493979,14
TV494970,0
TV494971,0
TV494972,0
TV494973,0
TV494974,0
TV494975,0
TV494976,0+14
TV494977,14
TV494978,14
TV494979,14
TV495970,0
TV495971,0
TV495972,0
TV495973,0
TV495974,0
TV495975,0+14
TV495976,0+14
TV495977,14
TV495978,14
TV495979,14
TV496970,0
TV496971,0
TV496972,0
TV496973,0
TV496974,0+14
TV496975,0+14
TV496976,14
TV496977,14
TV496978,14
TV496979,14
TV497970,0
TV497971,0
TV497972,0
TV497973,0
TV497974,0+14
TV497975,14
TV497976,14
TV497977,14
TV497978,14
TV497979,14
TV498970,0
TV498971,0
TV498972,0
TV498973,0
TV498974,0+14
TV498975,14
TV498976,14
TV498977,14
TV498978,14
TV498979,14
TV499970,0
TV499971,0
TV499972,0
TV499973,0+14
TV499974,0+14
TV499975,14
TV499976,14
TV499977,14
TV499978,14
TV499979,14
TV49Z,0+14
TV4898,0+14
TV480980,0
TV480981,0
TV480982,0
TV480983,0
TV480984,0
TV480985,0
TV480986,0+14
TV480987,0+14
TV480988,14
TV480989,14
TV481980,0
TV481981,0
TV481982,0
TV481983,0
TV481984,0
TV481985,0+14
TV481986,0+14
TV481987,14
TV481988,14
TV481989,14
TV482980,0
TV482981,0
TV482982,0
TV482983,0
TV482984,0
TV482985,0+14
TV482986,14
TV482987,14
TV482988,14
TV482989,14
TV483980,0
TV483981,0
TV483982,0
TV483983,0
TV483984,0+14
TV483985,0+14
TV483986,14
TV483987,14
TV483988,14
TV483989,14
TV484980,0
TV484981,0
TV484982,0
TV484983,0+14
TV484984,0+14
TV484985,14
TV484986,14
TV484987,14
TV484988,14
TV484989,14
TV485980,0
TV485981,0
TV485982,0+14
TV485983,0+14
TV485984,14
TV485985,14
TV485986,14
TV485987,14
TV485988,14
TV485989,14
TV486980,0
TV486981,0+14
TV486982,0+14
TV486983,14
TV486984,14
TV486985,14
TV486986,14
TV486987,14
TV486988,14
TV486989,14
TV487980,0+14
TV487981,0+14
TV487982,14
TV487983,14
TV487984,14
TV487985,14
TV487986,14
TV487987,14
TV487988,14
TV487989,14
TV488980,0+14
TV488981,0+14
TV488982,14
TV488983,14
TV488984,14
TV488985,14
TV488986,14
TV488987,14
TV488988,14
TV488989,14
TV489980,0+14
TV489981,14
TV489982,14
TV489983,14
TV489984,14
TV489985,14
TV489986,14
TV489987,14
TV489988,14
TV489989,14
TV4899,14
TV4998,14
TV4999,14
TV50,0
TV51,0
TV52,0
TV53,0
TV54,0
TV55,0
TV56,0
TV57,0
TV58,0
TV59,0+14
TV59SW,0
TV59NW,0+14
TV59SE,0
TV59NE,0+14
TV59A,0
TV59B,0
TV59C,0
TV59D,0+14
TV5096,0
TV5097,0+14
TV500970,0
TV500971,0
TV500972,0
TV500973,0+14
TV500974,14
TV500975,14
TV500976,14
TV500977,14
TV500978,14
TV500979,14
TV501970,0
TV501971,0
TV501972,0
TV501973,0+14
TV501974,14
TV501975,14
TV501976,14
TV501977,14
TV501978,14
TV501979,14
TV502970,0
TV502971,0
TV502972,0
TV502973,0+14
TV502974,14
TV502975,14
TV502976,14
TV502977,14
TV502978,14
TV502979,14
TV503970,0
TV503971,0
TV503972,0
TV503973,0+14
TV503974,14
TV503975,14
TV503976,14
TV503977,14
TV503978,14
TV503979,14
TV504970,0
TV504971,0
TV504972,0+14
TV504973,0+14
TV504974,14
TV504975,14
TV504976,14
TV504977,14
TV504978,14
TV504979,14
TV505970,0
TV505971,0
TV505972,0+14
TV505973,14
TV505974,14
TV505975,14
TV505976,14
TV505977,14
TV505978,14
TV505979,14
TV506970,0
TV506971,0
TV506972,0+14
TV506973,14
TV506974,14
TV506975,14
TV506976,14
TV506977,14
TV506978,14
TV506979,14
TV507970,0
TV507971,0+14
TV507972,0+14
TV507973,14
TV507974,14
TV507975,14
TV507976,14
TV507977,14
TV507978,14
TV507979,14
TV508970,0
TV508971,0+14
TV508972,14
TV508973,14
TV508974,14
TV508975,14
TV508976,14
TV508977,14
TV508978,14
TV508979,14
TV509970,0
TV509971,0+14
TV509972,14
TV509973,14
TV509974,14
TV509975,14
TV509976,14
TV509977,14
TV509978,14
TV509979,14
TV5196,0
TV5197,0+14
TV510970,0
TV510971,0+14
TV510972,0+14
TV510973,14
TV510974,14
TV510975,14
TV510976,14
TV510977,14
TV510978,14
TV510979,14
TV511970,0
TV511971,0
TV511972,0+14
TV511973,14
TV511974,14
TV511975,14
TV511976,14
TV511977,14
TV511978,14
TV511979,14
TV512970,0
TV512971,0
TV512972,0
TV512973,0+14
TV512974,14
TV512975,14
TV512976,14
TV512977,14
TV512978,14
TV512979,14
TV513970,0
TV513971,0
TV513972,0
TV513973,0+14
TV513974,0+14
TV513975,14
TV513976,14
TV513977,14
TV513978,14
TV513979,14
TV514970,0
TV514971,0
TV514972,0
TV514973,0
TV514974,0+14
TV514975,0+14
TV514976,14
TV514977,14
TV514978,14
TV514979,14
TV515970,0
TV515971,0
TV515972,0
TV515973,0
TV515974,0+14
TV515975,0+14
TV515976,14
TV515977,0+14
TV515978,0+14
TV515979,0+14
TV516970,0
TV516971,0
TV516972,0
TV516973,0
TV516974,0+14
TV516975,0+14
TV516976,0+14
TV516977,0+14
TV516978,14
TV516979,14
TV517970,0
TV517971,0
TV517972,0
TV517973,0
TV517974,0+14
TV517975,0+14
TV517976,14
TV517977,14
TV517978,14
TV517979,14
TV518970,0
TV518971,0
TV518972,0
TV518973,0
TV518974,0+14
TV518975,14
TV518976,14
TV518977,14
TV518978,14
TV518979,14
TV519970,0
TV519971,0
TV519972,0
TV519973,0
TV519974,0+14
TV519975,0+14
TV519976,14
TV519977,14
TV519978,14
TV519979,14
TV59E,0+14
TV5098,14
TV5099,14
TV5198,0+14
TV510980,14
TV510981,14
TV510982,14
TV510983,14
TV510984,14
TV510985,14
TV510986,14
TV510987,14
TV510988,14
TV510989,14
TV511980,14
TV511981,14
TV511982,14
TV511983,14
TV511984,14
TV511985,14
TV511986,14
TV511987,14
TV511988,14
TV511989,14
TV512980,14
TV512981,14
TV512982,14
TV512983,14
TV512984,14
TV512985,14
TV512986,14
TV512987,14
TV512988,14
TV512989,14
TV513980,14
TV513981,14
TV513982,14
TV513983,14
TV513984,14
TV513985,14
TV513986,14
TV513987,14
TV513988,14
TV513989,14
TV514980,14
TV514981,14
TV514982,14
TV514983,14
TV514984,14
TV514985,14
TV514986,14
TV514987,14
TV514988,14
TV514989,14
TV515980,0+14
TV515981,0+14
TV515982,0+14
TV515983,14
TV515984,14
TV515985,14
TV515986,14
TV515987,0+14
TV515988,0+14
TV515989,0+14
TV516980,14
TV516981,0+14
TV516982,0+14
TV516983,0+14
TV516984,14
TV516985,0+14
TV516986,0+14
TV516987,0+14
TV516988,0+14
TV516989,14
TV517980,14
TV517981,14
TV517982,14
TV517983,0+14
TV517984,0+14
TV517985,0+14
TV517986,14
TV517987,14
TV517988,14
TV517989,14
TV518980,14
TV518981,14
TV518982,14
TV518983,14
TV518984,14
TV518985,14
TV518986,14
TV518987,14
TV518988,14
TV518989,14
TV519980,14
TV519981,14
TV519982,14
TV519983,14
TV519984,14
TV519985,14
TV519986,14
TV519987,14
TV519988,14
TV519989,14
TV5199,0+14
TV510990,14
TV510991,14
TV510992,14
TV510993,14
TV510994,14
TV510995,14
TV510996,14
TV510997,14
TV510998,14
TV510999,14
TV511990,14
TV511991,14
TV511992,14
TV511993,14
TV511994,14
TV511995,14
TV511996,14
TV511997,14
TV511998,14
TV511999,14
TV512990,14
TV512991,14
TV512992,14
TV512993,14
TV512994,14
TV512995,14
TV512996,14
TV512997,14
TV512998,14
TV512999,14
TV513990,14
TV513991,14
TV513992,14
TV513993,14
TV513994,14
TV513995,14
TV513996,14
TV513997,14
TV513998,14
TV513999,14
TV514990,0+14
TV514991,0+14
TV514992,0+14
TV514993,0+14
TV514994,14
TV514995,14
TV514996,14
TV514997,14
TV514998,14
TV514999,14
TV515990,0+14
TV515991,0+14
TV515992,14
TV515993,14
TV515994,14
TV515995,14
TV515996,14
TV515997,14
TV515998,14
TV515999,14
TV516990,14
TV516991,14
TV516992,14
TV516993,14
TV516994,14
TV516995,14
TV516996,14
TV516997,14
TV516998,14
TV516999,14
TV517990,14
TV517991,14
TV517992,14
TV517993,14
TV517994,14
TV517995,14
TV517996,14
TV517997,14
TV517998,14
TV517999,14
TV518990,14
TV518991,14
TV518992,14
TV518993,14
TV518994,14
TV518995,14
TV518996,14
TV518997,14
TV518998,14
TV518999,14
TV519990,14
TV519991,14
TV519992,14
TV519993,14
TV519994,14
TV519995,14
TV519996,14
TV519997,14
TV519998,14
TV519999,14
TV59F,0
TV59G,0
TV59H,0
TV59I,0+14
TV5296,0+14
TV520960,0
TV520961,0
TV520962,0
TV520963,0
TV520964,0
TV520965,0
TV520966,0
TV520967,0
TV520968,0
TV520969,0
TV521960,0
TV521961,0
TV521962,0
TV521963,0
TV521964,0
TV521965,0
TV521966,0
TV521967,0
TV521968,0
TV521969,0
TV522960,0
TV522961,0
TV522962,0
TV522963,0
TV522964,0
TV522965,0
TV522966,0
TV522967,0
TV522968,0
TV522969,0
TV523960,0
TV523961,0
TV523962,0
TV523963,0
TV523964,0
TV523965,0
TV523966,0
TV523967,0
TV523968,0
TV523969,0
TV524960,0
TV524961,0
TV524962,0
TV524963,0
TV524964,0
TV524965,0
TV524966,0
TV524967,0
TV524968,0
TV524969,0
TV525960,0
TV525961,0
TV525962,0
TV525963,0
TV525964,0
TV525965,0
TV525966,0
TV525967,0
TV525968,0
TV525969,0
TV526960,0
TV526961,0
TV526962,0
TV526963,0
TV526964,0
TV526965,0
TV526966,0
TV526967,0
TV526968,0
TV526969,0
TV527960,0
TV527961,0
TV527962,0
TV527963,0
TV527964,0
TV527965,0
TV527966,0
TV527967,0
TV527968,0
TV527969,0
TV528960,0
TV528961,0
TV528962,0
TV528963,0
TV528964,0
TV528965,0
TV528966,0
TV528967,0
TV528968,0
TV528969,0+14
TV529960,0
TV529961,0
TV529962,0
TV529963,0
TV529964,0
TV529965,0
TV529966,0
TV529967,0
TV529968,0
TV529969,0+14
TV5297,0+14
TV520970,0
TV520971,0
TV520972,0
TV520973,0+14
TV520974,0+14
TV520975,0+14
TV520976,14
TV520977,14
TV520978,14
TV520979,14
TV521970,0
TV521971,0
TV521972,0+14
TV521973,0+14
TV521974,14
TV521975,14
TV521976,14
TV521977,14
TV521978,14
TV521979,14
TV522970,0
TV522971,0
TV522972,0+14
TV522973,14
TV522974,14
TV522975,14
TV522976,14
TV522977,14
TV522978,14
TV522979,14
TV523970,0
TV523971,0
TV523972,0+14
TV523973,14
TV523974,14
TV523975,14
TV523976,14
TV523977,14
TV523978,14
TV523979,14
TV524970,0
TV524971,0+14
TV524972,0+14
TV524973,14
TV524974,14
TV524975,14
TV524976,14
TV524977,14
TV524978,14
TV524979,14
TV525970,0
TV525971,0+14
TV525972,14
TV525973,14
TV525974,14
TV525975,14
TV525976,14
TV525977,14
TV525978,14
TV525979,14
TV526970,0+14
TV526971,0+14
TV526972,14
TV526973,14
TV526974,14
TV526975,14
TV526976,14
TV526977,14
TV526978,14
TV526979,14
TV527970,0+14
TV527971,14
TV527972,14
TV527973,14
TV527974,14
TV527975,14
TV527976,14
TV527977,14
TV527978,14
TV527979,14
TV528970,0+14
TV528971,14
TV528972,14
TV528973,14
TV528974,14
TV528975,14
TV528976,14
TV528977,14
TV528978,14
TV528979,14
TV529970,14
TV529971,14
TV529972,14
TV529973,14
TV529974,14
TV529975,14
TV529976,14
TV529977,14
TV529978,14
TV529979,14
TV5396,0+14
TV530960,0
TV530961,0
TV530962,0
TV530963,0
TV530964,0
TV530965,0
TV530966,0
TV530967,0
TV530968,0
TV530969,0+14
TV531960,0
TV531961,0
TV531962,0
TV531963,0
TV531964,0
TV531965,0
TV531966,0
TV531967,0
TV531968,0
TV531969,0+14
TV532960,0
TV532961,0
TV532962,0
TV532963,0
TV532964,0
TV532965,0
TV532966,0
TV532967,0
TV532968,0+14
TV532969,0+14
TV533960,0
TV533961,0
TV533962,0
TV533963,0
TV533964,0
TV533965,0
TV533966,0
TV533967,0+14
TV533968,0+14
TV533969,14
TV534960,0
TV534961,0
TV534962,0
TV534963,0
TV534964,0
TV534965,0
TV534966,0+14
TV534967,0+14
TV534968,14
TV534969,14
TV535960,0
TV535961,0
TV535962,0
TV535963,0
TV535964,0
TV535965,0
TV535966,0+14
TV535967,0+14
TV535968,14
TV535969,14
TV536960,0
TV536961,0
TV536962,0
TV536963,0
TV536964,0
TV536965,0+14
TV536966,0+14
TV536967,0+14
TV536968,14
TV536969,14
TV537960,0
TV537961,0
TV537962,0
TV537963,0
TV537964,0
TV537965,0+14
TV537966,0+14
TV537967,14
TV537968,14
TV537969,14
TV538960,0
TV538961,0
TV538962,0
TV538963,0
TV538964,0
TV538965,0+14
TV538966,14
TV538967,14
TV538968,14
TV538969,14
TV539960,0
TV539961,0
TV539962,0
TV539963,0
TV539964,0
TV539965,0+14
TV539966,14
TV539967,14
TV539968,14
TV539969,14
TV5397,14
TV59J,14
TV59K,0
TV59L,0
TV59M,0+14
TV5494,0
TV5495,0
TV5594,0
TV5595,0+14
TV550950,0
TV550951,0
TV550952,0
TV550953,0
TV550954,0
TV550955,0
TV550956,0
TV550957,0
TV550958,0
TV550959,0
TV551950,0
TV551951,0
TV551952,0
TV551953,0
TV551954,0
TV551955,0
TV551956,0
TV551957,0
TV551958,0
TV551959,0
TV552950,0
TV552951,0
TV552952,0
TV552953,0
TV552954,0
TV552955,0
TV552956,0
TV552957,0
TV552958,0+14
TV552959,0+14
TV553950,0
TV553951,0
TV553952,0
TV553953,0
TV553954,0
TV553955,0
TV553956,0
TV553957,0+14
TV553958,0+14
TV553959,14
TV554950,0
TV554951,0
TV554952,0
TV554953,0
TV554954,0
TV554955,0+14
TV554956,0+14
TV554957,0+14
TV554958,14
TV554959,14
TV555950,0
TV555951,0
TV555952,0
TV555953,0
TV555954,0+14
TV555955,0+14
TV555956,14
TV555957,14
TV555958,14
TV555959,14
TV556950,0
TV556951,0
TV556952,0
TV556953,0
TV556954,0+14
TV556955,14
TV556956,14
TV556957,14
TV556958,14
TV556959,14
TV557950,0
TV557951,0
TV557952,0
TV557953,0
TV557954,0+14
TV557955,14
TV557956,14
TV557957,14
TV557958,14
TV557959,14
TV558950,0
TV558951,0
TV558952,0
TV558953,0+14
TV558954,0+14
TV558955,14
TV558956,14
TV558957,14
TV558958,14
TV558959,14
TV559950,0
TV559951,0
TV559952,0
TV559953,0+14
TV559954,14
TV559955,14
TV559956,14
TV559957,14
TV559958,14
TV559959,14
TV59N,0+14
TV5496,0+14
TV540960,0
TV540961,0
TV540962,0
TV540963,0
TV540964,0+14
TV540965,0+14
TV540966,14
TV540967,14
TV540968,14
TV540969,14
TV541960,0
TV541961,0
TV541962,0
TV541963,0
TV541964,0+14
TV541965,14
TV541966,14
TV541967,14
TV541968,14
TV541969,14
TV542960,0
TV542961,0
TV542962,0
TV542963,0
TV542964,0+14
TV542965,14
TV542966,14
TV542967,14
TV542968,14
TV542969,14
TV543960,0
TV543961,0
TV543962,0
TV543963,0
TV543964,0+14
TV543965,14
TV543966,14
TV543967,14
TV543968,14
TV543969,14
TV544960,0
TV544961,0
TV544962,0
TV544963,0+14
TV544964,0+14
TV544965,14
TV544966,14
TV544967,14
TV544968,14
TV544969,14
TV545960,0
TV545961,0
TV545962,0
TV545963,0+14
TV545964,14
TV545965,14
TV545966,14
TV545967,14
TV545968,14
TV545969,14
TV546960,0
TV546961,0
TV546962,0+14
TV546963,0+14
TV546964,14
TV546965,14
TV546966,14
TV546967,14
TV546968,14
TV546969,14
TV547960,0
TV547961,0
TV547962,0+14
TV547963,14
TV547964,14
TV547965,14
TV547966,14
TV547967,14
TV547968,14
TV547969,14
TV548960,0
TV548961,0+14
TV548962,0+14
TV548963,14
TV548964,14
TV548965,14
TV548966,14
TV548967,14
TV548968,14
TV548969,14
TV549960,0
TV549961,0+14
TV549962,14
TV549963,14
TV549964,14
TV549965,14
TV549966,14
TV549967,14
TV549968,14
TV549969,14
TV5497,14
TV5596,0+14
TV550960,0+14
TV550961,0+14
TV550962,14
TV550963,14
TV550964,14
TV550965,14
TV550966,14
TV550967,14
TV550968,14
TV550969,14
TV551960,0+14
TV551961,14
TV551962,14
TV551963,14
TV551964,14
TV551965,14
TV551966,14
TV551967,14
TV551968,14
TV551969,14
TV552960,0+14
TV552961,14
TV552962,14
TV552963,14
TV552964,14
TV552965,14
TV552966,14
TV552967,14
TV552968,14
TV552969,14
TV553960,14
TV553961,14
TV553962,14
TV553963,14
TV553964,14
TV553965,14
TV553966,14
TV553967,14
TV553968,14
TV553969,14
TV554960,14
TV554961,14
TV554962,14
TV554963,14
TV554964,14
TV554965,14
TV554966,14
TV554967,14
TV554968,14
TV554969,14
TV555960,14
TV555961,14
TV555962,14
TV555963,14
TV555964,14
TV555965,14
TV555966,14
TV555967,14
TV555968,14
TV555969,14
TV556960,14
TV556961,14
TV556962,14
TV556963,14
TV556964,14
TV556965,14
TV556966,14
TV556967,14
TV556968,14
TV556969,14
TV557960,14
TV557961,14
TV557962,14
TV557963,14
TV557964,14
TV557965,14
TV557966,14
TV557967,14
TV557968,14
TV557969,14
TV558960,14
TV558961,14
TV558962,14
TV558963,14
TV558964,14
TV558965,14
TV558966,14
TV558967,14
TV558968,14
TV558969,14
TV559960,14
TV559961,14
TV559962,14
TV559963,14
TV559964,14
TV559965,14
TV559966,14
TV559967,14
TV559968,14
TV559969,14
TV5597,14
TV59P,14
TV59Q,0
TV59R,0
TV59S,0+14
TV5694,0
TV5695,0+14
TV560950,0
TV560951,0
TV560952,0
TV560953,0+14
TV560954,14
TV560955,14
TV560956,14
TV560957,14
TV560958,14
TV560959,14
TV561950,0
TV561951,0
TV561952,0
TV561953,0+14
TV561954,14
TV561955,14
TV561956,14
TV561957,14
TV561958,14
TV561959,14
TV562950,0
TV562951,0
TV562952,0
TV562953,0+14
TV562954,14
TV562955,14
TV562956,14
TV562957,14
TV562958,14
TV562959,14
TV563950,0
TV563951,0
TV563952,0
TV563953,0+14
TV563954,14
TV563955,14
TV563956,14
TV563957,14
TV563958,14
TV563959,14
TV564950,0
TV564951,0
TV564952,0+14
TV564953,0+14
TV564954,14
TV564955,14
TV564956,14
TV564957,14
TV564958,14
TV564959,14
TV565950,0
TV565951,0
TV565952,0+14
TV565953,14
TV565954,14
TV565955,14
TV565956,14
TV565957,14
TV565958,14
TV565959,14
TV566950,0
TV566951,0
TV566952,0+14
TV566953,14
TV566954,14
TV566955,14
TV566956,14
TV566957,14
TV566958,14
TV566959,14
TV567950,0
TV567951,0
TV567952,0+14
TV567953,14
TV567954,14
TV567955,14
TV567956,14
TV567957,14
TV567958,14
TV567959,14
TV568950,0
TV568951,0
TV568952,0+14
TV568953,14
TV568954,14
TV568955,14
TV568956,14
TV568957,14
TV568958,14
TV568959,14
TV569950,0
TV569951,0
TV569952,0+14
TV569953,14
TV569954,14
TV569955,14
TV569956,14
TV569957,14
TV569958,14
TV569959,14
TV5794,0
TV5795,0+14
TV570950,0
TV570951,0
TV570952,0+14
TV570953,14
TV570954,14
TV570955,14
TV570956,14
TV570957,14
TV570958,14
TV570959,14
TV571950,0
TV571951,0
TV571952,0+14
TV571953,14
TV571954,14
TV571955,14
TV571956,14
TV571957,14
TV571958,14
TV571959,14
TV572950,0
TV572951,0+14
TV572952,14
TV572953,14
TV572954,14
TV572955,14
TV572956,14
TV572957,14
TV572958,14
TV572959,14
TV573950,0
TV573951,0+14
TV573952,14
TV573953,14
TV573954,14
TV573955,14
TV573956,14
TV573957,14
TV573958,14
TV573959,14
TV574950,0
TV574951,0+14
TV574952,14
TV574953,14
TV574954,14
TV574955,14
TV574956,14
TV574957,14
TV574958,14
TV574959,14
TV575950,0
TV575951,0+14
TV575952,14
TV575953,14
TV575954,14
TV575955,14
TV575956,14
TV575957,14
TV575958,14
TV575959,14
TV576950,0
TV576951,0+14
TV576952,14
TV576953,14
TV576954,14
TV576955,14
TV576956,14
TV576957,14
TV576958,14
TV576959,14
TV577950,0
TV577951,0+14
TV577952,14
TV577953,14
TV577954,14
TV577955,14
TV577956,14
TV577957,14
TV577958,14
TV577959,14
TV578950,0
TV578951,0+14
TV578952,14
TV578953,14
TV578954,14
TV578955,14
TV578956,14
TV578957,14
TV578958,14
TV578959,14
TV579950,0
TV579951,0+14
TV579952,14
TV579953,14
TV579954,14
TV579955,14
TV579956,14
TV579957,14
TV579958,14
TV579959,14
TV59T,14
TV59U,14
TV59V,0
TV59W,0
TV59X,0+14
TV5894,0
TV5895,0+14
TV580950,0
TV580951,0+14
TV580952,14
TV580953,14
TV580954,14
TV580955,14
TV580956,14
TV580957,14
TV580958,14
TV580959,14
TV581950,0
TV581951,0+14
TV581952,14
TV581953,14
TV581954,14
TV581955,14
TV581956,14
TV581957,14
TV581958,14
TV581959,14
TV582950,0+14
TV582951,0+14
TV582952,14
TV582953,14
TV582954,14
TV582955,14
TV582956,14
TV582957,14
TV582958,14
TV582959,14
TV583950,0+14
TV583951,0+14
TV583952,14
TV583953,14
TV583954,14
TV583955,14
TV583956,14
TV583957,14
TV583958,14
TV583959,14
TV584950,0
TV584951,0+14
TV584952,14
TV584953,14
TV584954,14
TV584955,14
TV584956,14
TV584957,14
TV584958,14
TV584959,14
TV585950,0
TV585951,0+14
TV585952,0+14
TV585953,14
TV585954,14
TV585955,14
TV585956,14
TV585957,14
TV585958,14
TV585959,14
TV586950,0
TV586951,0+14
TV586952,0+14
TV586953,14
TV586954,14
TV586955,14
TV586956,14
TV586957,14
TV586958,14
TV586959,14
TV587950,0
TV587951,0
TV587952,0+14
TV587953,14
TV587954,14
TV587955,14
TV587956,14
TV587957,14
TV587958,14
TV587959,14
TV588950,0
TV588951,0
TV588952,0+14
TV588953,0+14
TV588954,14
TV588955,14
TV588956,14
TV588957,14
TV588958,14
TV588959,14
TV589950,0
TV589951,0
TV589952,0
TV589953,0+14
TV589954,14
TV589955,14
TV589956,14
TV589957,14
TV589958,14
TV589959,14
TV5994,0
TV5995,0+14
TV590950,0
TV590951,0
TV590952,0
TV590953,0+14
TV590954,14
TV590955,14
TV590956,14
TV590957,14
TV590958,14
TV590959,14
TV591950,0
TV591951,0
TV591952,0
TV591953,0+14
TV591954,14
TV591955,14
TV591956,14
TV591957,14
TV591958,14
TV591959,14
TV592950,0
TV592951,0
TV592952,0
TV592953,0+14
TV592954,14
TV592955,14
TV592956,14
TV592957,14
TV592958,14
TV592959,14
TV593950,0
TV593951,0+14
TV593952,0+14
TV593953,0+14
TV593954,14
TV593955,14
TV593956,14
TV593957,14
TV593958,14
TV593959,14
TV594950,0
TV594951,0
TV594952,0+14
TV594953,0+14
TV594954,14
TV594955,14
TV594956,14
TV594957,14
TV594958,14
TV594959,14
TV595950,0
TV595951,0
TV595952,0
TV595953,0+14
TV595954,0+14
TV595955,0+14
TV595956,14
TV595957,14
TV595958,14
TV595959,14
TV596950,0
TV596951,0
TV596952,0
TV596953,0
TV596954,0
TV596955,0+14
TV596956,0+14
TV596957,14
TV596958,14
TV596959,14
TV597950,0
TV597951,0
TV597952,0
TV597953,0
TV597954,0
TV597955,0
TV597956,0+14
TV597957,0+14
TV597958,0+14
TV597959,14
TV598950,0
TV598951,0
TV598952,0
TV598953,0
TV598954,0
TV598955,0
TV598956,0
TV598957,0
TV598958,0+14
TV598959,0+14
TV599950,0
TV599951,0
TV599952,0
TV599953,0
TV599954,0
TV599955,0
TV599956,0
TV599957,0
TV599958,0
TV599959,0
TV59Y,0+14
TV5896,14
TV5897,14
TV5996,0+14
TV590960,14
TV590961,14
TV590962,14
TV590963,14
TV590964,14
TV590965,14
TV590966,14
TV590967,14
TV590968,14
TV590969,14
TV591960,14
TV591961,14
TV591962,14
TV591963,14
TV591964,14
TV591965,14
TV591966,14
TV591967,14
TV591968,14
TV591969,14
TV592960,14
TV592961,14
TV592962,14
TV592963,14
TV592964,14
TV592965,14
TV592966,14
TV592967,14
TV592968,14
TV592969,14
TV593960,14
TV593961,14
TV593962,14
TV593963,14
TV593964,14
TV593965,14
TV593966,14
TV593967,14
TV593968,14
TV593969,14
TV594960,14
TV594961,14
TV594962,14
TV594963,14
TV594964,14
TV594965,14
TV594966,14
TV594967,14
TV594968,14
TV594969,14
TV595960,14
TV595961,14
TV595962,14
TV595963,14
TV595964,14
TV595965,14
TV595966,14
TV595967,14
TV595968,14
TV595969,14
TV596960,14
TV596961,14
TV596962,14
TV596963,14
TV596964,14
TV596965,14
TV596966,14
TV596967,14
TV596968,14
TV596969,14
TV597960,14
TV597961,14
TV597962,14
TV597963,14
TV597964,14
TV597965,14
TV597966,14
TV597967,14
TV597968,14
TV597969,14
TV598960,0+14
TV598961,14
TV598962,14
TV598963,14
TV598964,14
TV598965,14
TV598966,14
TV598967,14
TV598968,14
TV598969,14
TV599960,0+14
TV599961,0+14
TV599962,0+14
TV599963,0+14
TV599964,14
TV599965,14
TV599966,14
TV599967,14
TV599968,14
TV599969,14
TV5997,14
TV59Z,14
TV60,0
TV61,0
TV62,0
TV63,0
TV64,0
TV65,0
TV66,0
TV67,0
TV68,0
TV69,0+14
TV69SW,0
TV69NW,0+14
TV69SE,0
TV69NE,0
TV69A,0
TV69B,0
TV69C,0
TV69D,0+14
TV6096,0+14
TV600960,0
TV600961,0
TV600962,0
TV600963,0+14
TV600964,0+14
TV600965,0+14
TV600966,14
TV600967,14
TV600968,14
TV600969,14
TV601960,0
TV601961,0
TV601962,0
TV601963,0
TV601964,0
TV601965,0+14
TV601966,0+14
TV601967,14
TV601968,14
TV601969,14
TV602960,0
TV602961,0
TV602962,0
TV602963,0
TV602964,0
TV602965,0
TV602966,0+14
TV602967,0+14
TV602968,0+14
TV602969,0+14
TV603960,0
TV603961,0
TV603962,0
TV603963,0
TV603964,0
TV603965,0
TV603966,0
TV603967,0+14
TV603968,0+14
TV603969,0+14
TV604960,0
TV604961,0
TV604962,0
TV604963,0
TV604964,0
TV604965,0
TV604966,0
TV604967,0
TV604968,0
TV604969,0+14
TV605960,0
TV605961,0
TV605962,0
TV605963,0
TV605964,0
TV605965,0
TV605966,0
TV605967,0
TV605968,0
TV605969,0
TV606960,0
TV606961,0
TV606962,0
TV606963,0
TV606964,0
TV606965,0
TV606966,0
TV606967,0
TV606968,0
TV606969,0
TV607960,0
TV607961,0
TV607962,0
TV607963,0
TV607964,0
TV607965,0
TV607966,0
TV607967,0
TV607968,0
TV607969,0
TV608960,0
TV608961,0
TV608962,0
TV608963,0
TV608964,0
TV608965,0
TV608966,0
TV608967,0
TV608968,0
TV608969,0
TV609960,0
TV609961,0
TV609962,0
TV609963,0
TV609964,0
TV609965,0
TV609966,0
TV609967,0
TV609968,0
TV609969,0
TV6097,0+14
TV600970,14
TV600971,14
TV600972,14
TV600973,14
TV600974,14
TV600975,14
TV600976,14
TV600977,14
TV600978,14
TV600979,14
TV601970,14
TV601971,14
TV601972,14
TV601973,14
TV601974,14
TV601975,14
TV601976,14
TV601977,14
TV601978,14
TV601979,14
TV602970,14
TV602971,14
TV602972,14
TV602973,14
TV602974,14
TV602975,14
TV602976,14
TV602977,14
TV602978,14
TV602979,14
TV603970,0+14
TV603971,14
TV603972,14
TV603973,14
TV603974,14
TV603975,14
TV603976,14
TV603977,14
TV603978,14
TV603979,14
TV604970,0+14
TV604971,0+14
TV604972,14
TV604973,14
TV604974,14
TV604975,14
TV604976,14
TV604977,14
TV604978,14
TV604979,14
TV605970,0
TV605971,0+14
TV605972,0+14
TV605973,0+14
TV605974,14
TV605975,14
TV605976,14
TV605977,14
TV605978,14
TV605979,14
TV606970,0
TV606971,0
TV606972,0
TV606973,0+14
TV606974,14
TV606975,14
TV606976,14
TV606977,14
TV606978,14
TV606979,14
TV607970,0
TV607971,0
TV607972,0
TV607973,0+14
TV607974,0+14
TV607975,14
TV607976,14
TV607977,14
TV607978,14
TV607979,14
TV608970,0
TV608971,0
TV608972,0
TV608973,0
TV608974,0+14
TV608975,0+14
TV608976,0+14
TV608977,14
TV608978,14
TV608979,14
TV609970,0
TV609971,0
TV609972,0
TV609973,0
TV609974,0
TV609975,0
TV609976,0+14
TV609977,14
TV609978,14
TV609979,14
TV6196,0
TV6197,0+14
TV610970,0
TV610971,0
TV610972,0
TV610973,0
TV610974,0
TV610975,0
TV610976,0+14
TV610977,0+14
TV610978,0+14
TV610979,14
TV611970,0
TV611971,0
TV611972,0
TV611973,0
TV611974,0
TV611975,0
TV611976,0
TV611977,0+14
TV611978,0+14
TV611979,14
TV612970,0
TV612971,0
TV612972,0
TV612973,0
TV612974,0
TV612975,0
TV612976,0
TV612977,0
TV612978,0+14
TV612979,0+14
TV613970,0
TV613971,0
TV613972,0
TV613973,0
TV613974,0
TV613975,0
TV613976,0
TV613977,0
TV613978,0
TV613979,0+14
TV614970,0
TV614971,0
TV614972,0
TV614973,0
TV614974,0
TV614975,0
TV614976,0
TV614977,0
TV614978,0
TV614979,0
TV615970,0
TV615971,0
TV615972,0
TV615973,0
TV615974,0
TV615975,0
TV615976,0
TV615977,0
TV615978,0
TV615979,0
TV616970,0
TV616971,0
TV616972,0
TV616973,0
TV616974,0
TV616975,0
TV616976,0
TV616977,0
TV616978,0
TV616979,0
TV617970,0
TV617971,0
TV617972,0
TV617973,0
TV617974,0
TV617975,0
TV617976,0
TV617977,0
TV617978,0
TV617979,0
TV618970,0
TV618971,0
TV618972,0
TV618973,0
TV618974,0
TV618975,0
TV618976,0
TV618977,0
TV618978,0
TV618979,0
TV619970,0
TV619971,0
TV619972,0
TV619973,0
TV619974,0
TV619975,0
TV619976,0
TV619977,0
TV619978,0
TV619979,0
TV69E,0+14
TV6098,14
TV6099,14
TV6198,0+14
TV610980,14
TV610981,14
TV610982,14
TV610983,14
TV610984,14
TV610985,14
TV610986,14
TV610987,14
TV610988,14
TV610989,14
TV611980,14
TV611981,14
TV611982,14
TV611983,14
TV611984,14
TV611985,14
TV611986,14
TV611987,14
TV611988,14
TV611989,14
TV612980,14
TV612981,14
TV612982,14
TV612983,14
TV612984,14
TV612985,14
TV612986,14
TV612987,14
TV612988,14
TV612989,14
TV613980,0+14
TV613981,14
TV613982,14
TV613983,14
TV613984,14
TV613985,14
TV613986,14
TV613987,14
TV613988,14
TV613989,14
TV614980,0+14
TV614981,0+14
TV614982,0+14
TV614983,14
TV614984,14
TV614985,14
TV614986,14
TV614987,14
TV614988,14
TV614989,14
TV615980,0
TV615981,0
TV615982,0+14
TV615983,0+14
TV615984,0+14
TV615985,14
TV615986,14
TV615987,14
TV615988,14
TV615989,14
TV616980,0
TV616981,0
TV616982,0
TV616983,0
TV616984,0+14
TV616985,0+14
TV616986,14
TV616987,14
TV616988,14
TV616989,14
TV617980,0
TV617981,0
TV617982,0
TV617983,0
TV617984,0
TV617985,0+14
TV617986,0+14
TV617987,0+14
TV617988,14
TV617989,14
TV618980,0
TV618981,0
TV618982,0
TV618983,0
TV618984,0
TV618985,0
TV618986,0
TV618987,0+14
TV618988,0+14
TV618989,14
TV619980,0
TV619981,0
TV619982,0
TV619983,0
TV619984,0
TV619985,0
TV619986,0
TV619987,0+14
TV619988,0+14
TV619989,0+14
TV6199,0+14
TV610990,14
TV610991,14
TV610992,14
TV610993,14
TV610994,14
TV610995,14
TV610996,14
TV610997,14
TV610998,14
TV610999,14
TV611990,14
TV611991,14
TV611992,14
TV611993,14
TV611994,14
TV611995,14
TV611996,14
TV611997,14
TV611998,14
TV611999,14
TV612990,14
TV612991,14
TV612992,14
TV612993,14
TV612994,14
TV612995,14
TV612996,14
TV612997,14
TV612998,14
TV612999,14
TV613990,14
TV613991,14
TV613992,14
TV613993,14
TV613994,14
TV613995,14
TV613996,14
TV613997,14
TV613998,14
TV613999,14
TV614990,14
TV614991,14
TV614992,14
TV614993,14
TV614994,14
TV614995,14
TV614996,14
TV614997,14
TV614998,14
TV614999,14
TV615990,14
TV615991,14
TV615992,14
TV615993,14
TV615994,14
TV615995,14
TV615996,14
TV615997,14
TV615998,14
TV615999,14
TV616990,14
TV616991,14
TV616992,14
TV616993,14
TV616994,14
TV616995,14
TV616996,14
TV616997,14
TV616998,14
TV616999,14
TV617990,14
TV617991,14
TV617992,14
TV617993,14
TV617994,14
TV617995,14
TV617996,14
TV617997,14
TV617998,14
TV617999,14
TV618990,14
TV618991,14
TV618992,14
TV618993,14
TV618994,14
TV618995,14
TV618996,14
TV618997,14
TV618998,14
TV618999,14
TV619990,0+14
TV619991,0+14
TV619992,14
TV619993,14
TV619994,14
TV619995,14
TV619996,14
TV619997,14
TV619998,14
TV619999,14
TV69F,0
TV69G,0
TV69H,0
TV69I,0
TV69J,0+14
TV6298,0+14
TV620980,0
TV620981,0
TV620982,0
TV620983,0
TV620984,0
TV620985,0
TV620986,0
TV620987,0+14
TV620988,0
TV620989,0
TV621980,0
TV621981,0
TV621982,0
TV621983,0
TV621984,0
TV621985,0
TV621986,0
TV621987,0
TV621988,0
TV621989,0
TV622980,0
TV622981,0
TV622982,0
TV622983,0
TV622984,0
TV622985,0
TV622986,0
TV622987,0
TV622988,0
TV622989,0
TV623980,0
TV623981,0
TV623982,0
TV623983,0
TV623984,0
TV623985,0
TV623986,0
TV623987,0
TV623988,0
TV623989,0
TV624980,0
TV624981,0
TV624982,0
TV624983,0
TV624984,0
TV624985,0
TV624986,0
TV624987,0
TV624988,0
TV624989,0
TV625980,0
TV625981,0
TV625982,0
TV625983,0
TV625984,0
TV625985,0
TV625986,0
TV625987,0
TV625988,0
TV625989,0
TV626980,0
TV626981,0
TV626982,0
TV626983,0
TV626984,0
TV626985,0
TV626986,0
TV626987,0
TV626988,0
TV626989,0
TV627980,0
TV627981,0
TV627982,0
TV627983,0
TV627984,0
TV627985,0
TV627986,0
TV627987,0
TV627988,0
TV627989,0
TV628980,0
TV628981,0
TV628982,0
TV628983,0
TV628984,0
TV628985,0
TV628986,0
TV628987,0
TV628988,0
TV628989,0
TV629980,0
TV629981,0
TV629982,0
TV629983,0
TV629984,0
TV629985,0
TV629986,0
TV629987,0
TV629988,0
TV629989,0
TV6299,0+14
TV620990,0
TV620991,0+14
TV620992,0+14
TV620993,14
TV620994,14
TV620995,14
TV620996,14
TV620997,14
TV620998,14
TV620999,14
TV621990,0
TV621991,0
TV621992,0+14
TV621993,0+14
TV621994,0+14
TV621995,14
TV621996,14
TV621997,14
TV621998,14
TV621999,14
TV622990,0
TV622991,0
TV622992,0
TV622993,0
TV622994,0+14
TV622995,0+14
TV622996,14
TV622997,14
TV622998,14
TV622999,14
TV623990,0
TV623991,0
TV623992,0
TV623993,0
TV623994,0
TV623995,0+14
TV623996,0+14
TV623997,14
TV623998,14
TV623999,14
TV624990,0
TV624991,0
TV624992,0
TV624993,0
TV624994,0
TV624995,0
TV624996,0+14
TV624997,0+14
TV624998,14
TV624999,14
TV625990,0
TV625991,0
TV625992,0
TV625993,0
TV625994,0
TV625995,0
TV625996,0
TV625997,0+14
TV625998,0+14
TV625999,14
TV626990,0
TV626991,0
TV626992,0
TV626993,0
TV626994,0
TV626995,0
TV626996,0
TV626997,0
TV626998,0+14
TV626999,0+14
TV627990,0
TV627991,0
TV627992,0
TV627993,0
TV627994,0
TV627995,0
TV627996,0
TV627997,0
TV627998,0
TV627999,0+14
TV628990,0
TV628991,0
TV628992,0
TV628993,0
TV628994,0
TV628995,0
TV628996,0
TV628997,0
TV628998,0
TV628999,0
TV629990,0
TV629991,0
TV629992,0
TV629993,0
TV629994,0
TV629995,0
TV629996,0
TV629997,0
TV629998,0
TV629999,0
TV6398,0
TV6399,0
TV69K,0
TV69L,0
TV69M,0
TV69N,0
TV69P,0
TV69Q,0
TV69R,0
TV69S,0
TV69T,0
TV69U,0
TV69V,0
TV69W,0
TV69X,0
TV69Y,0
TV69Z,0
TV70,0
TV71,0
TV72,0
TV73,0
TV74,0
TV75,0
TV76,0
TV77,0
TV78,0
TV79,0
TV80,0
TV81,0
TV82,0
TV83,0
TV84,0
TV85,0
TV86,0
TV87,0
TV88,0
TV89,0
TV90,0
TV91,0
TV92,0
TV93,0
TV94,0
TV95,0
TV96,0
TV97,0
TV98,0
TV99,0
